ID,Source,Original text,Atomic rule,Naive strength,Applies to,Shared Category,Section context,Notes
ASTROPY-C001,https://docs.astropy.org/en/latest/development/testguide.html | Test-running options > Testing for open files,any open file(s) that throw ``ResourceWarning`` (except the specific ones already ignored) would fail the affected test(s).,Close every file a test opens so no unhandled ResourceWarning is raised.,must,test,Tests and test style,"""The ``filterwarnings`` settings under ``[tool.pytest.ini_options]`` in the ``pyproject.toml`` file has an option which converts all unhandled warnings to errors during a test run."" - the consequence is a test failure, configured in pyproject.toml.",Enforcement: pytest filterwarnings error config in pyproject.toml.
ASTROPY-C002,https://docs.astropy.org/en/latest/development/testguide.html | Writing tests,"``pytest`` has the following test discovery rules:

 * ``test_*.py`` or ``*_test.py`` files",Name test modules ``test_*.py`` or ``*_test.py``.,must,test,Tests and test style,"""Consult the test discovery rules for detailed information on how to name files and tests so that they are automatically discovered by pytest."" A file outside the pattern is silently never run.",Conformance obligation stated once for files; the function and class patterns are separate rows because they govern different objects.
ASTROPY-C003,https://docs.astropy.org/en/latest/development/testguide.html | Writing tests,"``pytest`` has the following test discovery rules:

 * ``test_`` prefixed functions and methods",Prefix test functions and methods with ``test_``.,must,test,Tests and test style,Same discovery-rules list; a non-prefixed function is collected by nothing and silently never runs.,none
ASTROPY-C004,https://docs.astropy.org/en/latest/development/testguide.html | Writing tests,"``pytest`` has the following test discovery rules:

 * ``Test`` prefixed classes (without an ``__init__`` method)",Give test classes a ``Test`` prefix and no ``__init__`` method.,must,test,Tests and test style,Same discovery-rules list. The parenthesis is load-bearing: a Test-prefixed class with an __init__ is skipped by pytest.,none
ASTROPY-C005,https://docs.astropy.org/en/latest/development/testguide.html | Where to put tests > Package-specific tests,"Each package should include a suite of unit tests, covering as many of the public methods/functions as possible.",Cover as many public methods and functions of the sub-package as possible with unit tests.,maybe,test,Tests and test style,"""as possible"" is the only bound offered; no coverage threshold is stated anywhere in the docs or in pyproject.toml.",none
ASTROPY-C006,https://docs.astropy.org/en/latest/development/testguide.html | Where to put tests > Package-specific tests,"These tests should be included inside each sub-package, e.g::

    astropy/io/fits/tests/",Put a sub-package's tests in that sub-package's own ``tests/`` directory.,must,test,Tests and test style,The example gives the exact path form ``astropy/io/fits/tests/``.,none
ASTROPY-C007,https://docs.astropy.org/en/latest/development/testguide.html | Where to put tests > Package-specific tests,``tests`` directories should contain an ``__init__.py`` file so that the tests can be imported and so that they can use relative imports.,Include an ``__init__.py`` file in every ``tests`` directory.,must,test,Tests and test style,The reason is stated as a consequence: without it the tests cannot be imported and relative imports break.,Fires only when a PR creates a new tests directory.
ASTROPY-C008,https://docs.astropy.org/en/latest/development/testguide.html | Where to put tests > Interoperability tests,"Tests involving two or more sub-packages should be included in::

    astropy/tests/",Put tests that span two or more sub-packages in ``astropy/tests/``.,must,test,Tests and test style,none,Applies only if the new test exercises more than one sub-package.
ASTROPY-C009,https://docs.astropy.org/en/latest/development/testguide.html | Regression tests,"Any time a bug is fixed, and wherever possible, one or more regression tests should be added to ensure that the bug is not introduced in future.",Add a regression test whenever you fix a bug.,maybe,test,Tests and test style,"""wherever possible"" sanctions omission. CONTRIBUTING.md's checklist states the same obligation unhedged under Testing.",Applies only if the PR fixes a bug. Same obligation as CONTRIBUTING.md 'Tests' bullet - conflicting strengths.
ASTROPY-C010,https://docs.astropy.org/en/latest/development/testguide.html | Regression tests,Regression tests should include the ticket URL where the bug was reported.,Include the URL of the reported issue in the regression test.,must,test,Tests and test style,none,Applies only if the PR adds a regression test.
ASTROPY-C011,https://docs.astropy.org/en/latest/development/testguide.html | Working with data files,Tests that need to make use of a data file should use the `~astropy.utils.data.get_pkg_data_fileobj` or `~astropy.utils.data.get_pkg_data_filename` functions.,Access data files in tests through ``get_pkg_data_fileobj`` or ``get_pkg_data_filename``.,must,test,Tests and test style,"""These functions search locally first, and then on the astropy data server or an arbitrary URL"" - the named functions are the only sanctioned access path.",Restates the codeguide 'Data and Configuration' rule for the test context.
ASTROPY-C012,https://docs.astropy.org/en/latest/development/testguide.html | Working with data files,Tests that may retrieve remote data should be marked with the ``@pytest.mark.remote_data`` decorator,Mark any test that retrieves remote data with ``@pytest.mark.remote_data``.,must,test,Tests and test style,"""Tests marked in this way will be skipped by default by ``pytest`` to prevent test runs from taking too long.""",Applies only if the test fetches remote data.
ASTROPY-C013,https://docs.astropy.org/en/latest/development/testguide.html | Working with data files,"Tests that may retrieve remote data should be marked with the ``@pytest.mark.remote_data`` decorator, or, if a doctest, flagged with the ``REMOTE_DATA`` flag.",Flag a doctest that retrieves remote data with ``# doctest: +REMOTE_DATA``.,must,"docs,test",Tests and test style,"""To skip tests that require fetching remote data, use the ``REMOTE_DATA`` flag instead. This way they can be turned on using the ``--remote-data`` flag when running the tests.""",Applies only if a doctest fetches remote data. Different artifact from the pytest marker rule.
ASTROPY-C014,https://docs.astropy.org/en/latest/development/testguide.html | Tests that create files,"Some tests involve writing files. These files should not be saved permanently. The :ref:`pytest 'tmp_path' fixture <pytest:tmp_path>` allows for the convenient creation of temporary directories, which ensures test files will be cleaned up.",Write files created by a test into the ``tmp_path`` fixture directory rather than a permanent location.,must,test,Tests and test style,"""Temporary directories can also be helpful in the case where the tests are run in an environment where ``pytest`` would otherwise not have write access.""",Applies only if the test writes files.
ASTROPY-C015,https://docs.astropy.org/en/latest/development/testguide.html | Property-based tests / Parametrizing tests,"As a guideline, use ``parametrize`` if you can enumerate all possible test cases and each failure would be a distinct issue, and Hypothesis when there are many possible inputs or you only want a single simple failure to be reported.",Use ``@pytest.mark.parametrize`` for enumerable cases and Hypothesis when the input space is large.,maybe,test,Tests and test style,"Explicitly framed as ""a guideline""; both tools are sanctioned and the split is a judgment about the input space.",none
ASTROPY-C016,https://docs.astropy.org/en/latest/development/testguide.html | Tests requiring optional dependencies,"For tests that test functions or methods that require optional dependencies (e.g., Scipy), pytest should be instructed to skip the test if the dependencies are not present, as the ``astropy`` tests should succeed even if an optional dependency is not present.",Skip a test that needs an optional dependency when that dependency is absent.,must,test,Tests and test style,The consequence is stated: the astropy test suite must pass without optional dependencies installed. The example shows ``@pytest.mark.skipif``.,Applies only if the test needs an optional dependency.
ASTROPY-C017,https://docs.astropy.org/en/latest/development/testguide.html | Tests requiring optional dependencies,"``astropy`` provides a list of boolean flags that test whether optional dependencies are installed (at import time). For example, to load the corresponding flag for Scipy and mark a test to skip if Scipy is not present, use::

    from astropy.utils.compat.optional_deps import HAS_SCIPY",Take the skip condition from the ``HAS_*`` flags in ``astropy.utils.compat.optional_deps``.,must,test,Tests and test style,"""These variables should exist for all of Astropy's optional dependencies; a complete list of supported flags can be found in ``astropy.utils.compat.optional_deps``.""",Applies only if the test skips on an optional dependency.
ASTROPY-C018,https://docs.astropy.org/en/latest/development/testguide.html | Tests requiring optional dependencies,Any new optional dependencies should be added to that file,Add a ``HAS_*`` flag to ``astropy/utils/compat/optional_deps.py`` for any new optional dependency.,must,code,Specialized changes,"""that file"" is ``astropy.utils.compat.optional_deps``, named in the preceding sentence.",Applies only if the PR introduces a new optional dependency.
ASTROPY-C019,https://docs.astropy.org/en/latest/development/testguide.html | Tests requiring optional dependencies,"Any new optional dependencies should be added to that file, as well as to the relevant entries in the ``pyproject.toml`` file in the ``[project.optional-dependencies]`` section; typically, under ``all`` for dependencies used in user-facing code [...] and in ``test_all`` for dependencies only used in tests","Record a new optional dependency in ``[project.optional-dependencies]`` in ``pyproject.toml``, under ``all`` for runtime use or ``test_all`` for test-only use.",must,code,Specialized changes,"The section names the two target groups exactly, with worked examples (h5py, skyfield).",Applies only if the PR introduces a new optional dependency.
ASTROPY-C020,https://docs.astropy.org/en/latest/development/testguide.html | Testing warnings,"In order to test that warnings are triggered as expected in certain situations, |pytest| provides its own context manager :ref:`pytest.warns <pytest:warns>`",Assert expected warnings with the ``pytest.warns`` context manager.,must,test,Tests and test style,"""Note that when no warning of the specified type is triggered, this will make the test fail."" The note warns off ``recwarn``: ""This method has been found to be problematic in at least one case"".",Applies only if the test checks for a warning.
ASTROPY-C021,https://docs.astropy.org/en/latest/development/testguide.html | Testing exceptions,tests that are designed to trigger certain errors should verify that an exception of the expected type is raised in the expected place. This is efficiently done by running the tested code inside the :ref:`pytest.raises <pytest:assertraises>` context manager.,Assert expected exceptions with the ``pytest.raises`` context manager.,must,test,Tests and test style,"""Its optional ``match`` argument allows to check the error message for any patterns using ``regex`` syntax.""",Applies only if the test checks for an exception.
ASTROPY-C022,https://docs.astropy.org/en/latest/development/testguide.html | Testing configuration parameters,"you can use the `astropy.config.ConfigItem.set_temp` context manager to temporarily set a configuration item to that value, test within that context, and have it automatically return to its original value.",Change a configuration item inside a test with the ``ConfigItem.set_temp`` context manager.,maybe,test,Tests and test style,"""In order to ensure reproducibility of tests, all configuration items are reset to their default values when ``pytest`` starts up."" Phrased as ""you can use"", with no alternative named.",Applies only if the test depends on a non-default configuration value.
ASTROPY-C023,https://docs.astropy.org/en/latest/development/testguide.html | Marking blocks of code to exclude from coverage,Blocks of code may be ignored by the coverage testing by adding a comment containing the phrase ``pragma: no cover`` to the start of the block,Mark a block excluded from coverage with a ``# pragma: no cover`` comment at its start.,maybe,code,Tests and test style,"Purely permissive (""may be ignored"") but the marker text and its placement are exact.",Fires only if the contributor chooses to exclude a block from coverage.
ASTROPY-C024,https://docs.astropy.org/en/latest/development/testguide.html | Image tests with pytest-mpl > Writing image tests,"Rather than use the ``@pytest.mark.mpl_image_compare`` decorator directly, you should make use of the ``@figure_test`` convenience decorator which sets the default tolerance and style to be consistent across the astropy core package, and also automatically enables access to remote data",Decorate figure tests with ``@figure_test`` from ``astropy.tests.figures`` rather than ``@pytest.mark.mpl_image_compare``.,must,test,Tests and test style,The consequence is stated: ``@figure_test`` is what makes tolerance and style consistent across the core package.,Applies only if the PR adds an image/figure test.
ASTROPY-C025,https://docs.astropy.org/en/latest/development/testguide.html | Writing doctests,The Astropy test suite automatically detects and runs any doctests in the astropy source code or documentation,Write docstring and narrative examples so they run correctly as doctests.,must,"docs,test",Tests and test style,"""The idea is to write usage examples in docstrings that users can enter verbatim and check their output against the expected output"" - a wrong example is a test failure, not just a typo.",none
ASTROPY-C026,https://docs.astropy.org/en/latest/development/testguide.html | Skipping doctests,Next to the example add a comment like: ``# doctest: +SKIP``.,Mark a non-executable doctest example with ``# doctest: +SKIP``.,must,docs,Tests and test style,"""Sometimes it is necessary to write examples that look like doctests but that are not actually executable verbatim."" Four sanctioned mechanisms are listed; this is the per-line one.",Fires only if the contributor writes a non-executable example.
ASTROPY-C027,https://docs.astropy.org/en/latest/development/testguide.html | Skipping doctests,"Astropy's test framework adds support for a special ``__doctest_skip__`` variable that can be placed at the module level of any module to list functions, classes, and methods in that module whose doctests should not be run. [...] The value of ``__doctest_skip__`` should be a list of wildcard patterns",Skip a module's doctests by listing wildcard patterns in a module-level ``__doctest_skip__``.,must,"code,docs",Tests and test style,"""To skip all doctests in a module:: ``__doctest_skip__ = ['*']``""; module docstrings are skipped with the string '.'.",Fires only if the contributor skips doctests at module level.
ASTROPY-C028,https://docs.astropy.org/en/latest/development/testguide.html | Skipping doctests,``__doctest_requires__`` is a way to list dependencies for specific doctests. It should be a dictionary mapping wildcard patterns (in the same format as ``__doctest_skip__``) to a list of one or more modules that should be *importable* in order for the tests to run.,Declare a doctest's optional-dependency requirements in a module-level ``__doctest_requires__`` dictionary.,must,"code,docs",Tests and test style,"""if some tests require the scipy module to work they will be skipped unless ``import scipy`` is possible.""",Fires only if a doctest needs an optional dependency.
ASTROPY-C029,https://docs.astropy.org/en/latest/development/testguide.html | Skipping doctests,"In the Sphinx documentation, a doctest section can be skipped by making it part of a ``doctest-skip`` directive",Skip a doctest block in narrative documentation with the ``.. doctest-skip::`` directive (or ``.. doctest-skip-all``).,must,docs,Tests and test style,"""It is also possible to skip all doctests below a certain line using a ``doctest-skip-all`` comment. Note the lack of ``::`` at the end of the line here"" - the two forms have different syntax.",Fires only if the contributor skips a doctest in an .rst file.
ASTROPY-C030,https://docs.astropy.org/en/latest/development/testguide.html | Skipping doctests,"In the Sphinx documentation, a doctest requirement can be notated with the ``doctest-requires`` directive",Gate a doctest block in narrative documentation on a dependency with the ``.. doctest-requires::`` directive.,must,docs,Tests and test style,Parallel to __doctest_requires__ but for .rst files.,Fires only if a narrative doctest needs an optional dependency.
ASTROPY-C031,https://docs.astropy.org/en/latest/development/testguide.html | Skipping output,The simplest way to generalize the example output is to use the ellipses ``...``.,Generalize variable doctest output with ellipses.,maybe,docs,Tests and test style,"""The doctest system compares the actual output to the example output verbatim by default, but this not always feasible."" Named as the ""simplest way"", with IGNORE_OUTPUT and FLOAT_CMP offered as alternatives.",none
ASTROPY-C032,https://docs.astropy.org/en/latest/development/testguide.html | Skipping output > Ignoring all output,Another possibility for ignoring output is to use the ``# doctest: +IGNORE_OUTPUT`` flag.,Ignore a doctest's output entirely with the ``# doctest: +IGNORE_OUTPUT`` flag.,maybe,docs,Tests and test style,"""This allows a doctest to execute (and check that the code executes without errors), but allows the entire output to be ignored in cases where we don't care what the output is.""",Fires only if the contributor chooses to ignore doctest output.
ASTROPY-C033,https://docs.astropy.org/en/latest/development/testguide.html | Handling float output,the ``pytest-doctestplus`` plugin provides support for a ``FLOAT_CMP`` flag that can be used with doctests.,Compare floating-point doctest output with the ``# doctest: +FLOAT_CMP`` flag.,must,docs,Tests and test style,"""Because doctests work by comparing strings this can cause such tests to fail."" - a stated consequence for omitting it.",Applies only if the doctest output contains floating-point values.
ASTROPY-C034,https://docs.astropy.org/en/latest/development/testguide.html | tox,"It is suggested that you automate the code-style checks using the provided pre-commit hook, as described in the :ref:`pre-commit` section.",Automate the code-style checks with the provided pre-commit hook.,maybe,workflow,Code and quality,Offered as a suggestion alongside the manual ``tox -e codestyle`` invocation.,Same obligation as the development_details Pre-commit section.
ASTROPY-C035,"https://docs.astropy.org/en/latest/development/git_edit_workflow_examples.html | Test first, please",You should at least run the relevant tests before you make any changes to make sure that your Python environment is set up properly.,Run the tests relevant to the code you are about to touch before making any changes.,maybe,workflow,Tests and test style,"""It would be hard to overstate the importance of testing in Astropy."" The stated purpose is checking the environment, not the change.",none
ASTROPY-C036,"https://docs.astropy.org/en/latest/development/git_edit_workflow_examples.html | Test first, please","If the bug you are working on involves remote data access, you need to run the tests with an extra flag, i.e., ``pytest astropy/coordinates/tests --remote-data``.",Run the tests with ``--remote-data`` when the bug involves remote data access.,must,"workflow,test",Tests and test style,"Remote-data tests are skipped by default, so without the flag the relevant tests do not run at all.",Applies only if the change involves remote data access.
ASTROPY-C037,"https://docs.astropy.org/en/latest/development/git_edit_workflow_examples.html | Test first, please","The goal at this point may be a little counter-intuitive: write a test that we know will fail with the current code. This test allows ``astropy`` to check, in an automated way, whether our fix actually works and to prevent regression",Write a test that fails before the fix and passes after it.,must,test,Tests and test style,"The worked example commits the failing test before the fix, then the fix.",Same obligation as the testguide Regression tests section.
ASTROPY-C038,"https://docs.astropy.org/en/latest/development/git_edit_workflow_examples.html | Test first, please","Give the test a reasonably clear name; e.g., ``test_array_len``.","Give a new test a clear, descriptive name.",maybe,test,Tests and test style,"""The easiest way to figure out what you need to import and how to set up the test is to look at other tests."" No naming scheme is published beyond the pytest ``test_`` prefix.",none
ASTROPY-C039,https://docs.astropy.org/en/latest/development/git_edit_workflow_examples.html | Add this test to your local git repo,Keep `git`_ commits small and focused on one logical piece at a time.,Keep each commit small and focused on one logical change.,maybe,commit,Git and commit conventions,"""The test we just wrote is one logical change, so we will commit it. You could, if you prefer, wait and commit this test along with your fix."" - the section itself sanctions bundling.",Same obligation as development_details 'Each logical set of changes should be treated as one commit'.
ASTROPY-C040,https://docs.astropy.org/en/latest/development/git_edit_workflow_examples.html | Commit your change,Commit messages should be concise.,Keep commit messages concise.,maybe,commit,Git and commit conventions,No length limit is given anywhere in the astropy docs.,Same obligation as development_details 'Make your git commit messages short and descriptive'.
ASTROPY-C041,https://docs.astropy.org/en/latest/development/git_edit_workflow_examples.html | Commit your change,Including the GitHub issue number allows GitHub to automatically create links to the relevant issue.,Include the GitHub issue number in the commit message.,maybe,commit,Git and commit conventions,Stated as a benefit rather than a requirement here; development_details states the same thing with an exact form (``Closes #123``).,Same obligation as the development_details commit-message note.
ASTROPY-C042,https://docs.astropy.org/en/latest/development/git_edit_workflow_examples.html | Edit the changelog,"Create a file ``docs/changes/coordinates/<PULL REQUEST>.feature.rst``, where ``<PULL REQUEST>`` is the pull request number (1917 for this example).",Name the changelog fragment for the pull request number and change type in the sub-package directory.,must,docs,PR and release metadata,"""Keeping the list of changes up to date is nearly impossible unless each contributor makes the appropriate updates as they propose changes.""",Same obligation as development_details 'Add a changelog entry' and docs/changes/README.rst.
ASTROPY-C043,https://docs.astropy.org/en/latest/development/git_edit_workflow_examples.html | Edit the changelog,The content of this file should summarize what you did.,Summarize the change in the changelog fragment.,maybe,docs,PR and release metadata,"""For writing changelog entries, you do not need to know much about the markup language being used [...] look at other entries and emulate.""",none
ASTROPY-C044,https://docs.astropy.org/en/latest/development/git_edit_workflow_examples.html | Edit the changelog,Putting ``len()`` in double-backtick makes that text render in a monospaced font.,Wrap code names in the changelog fragment in double backticks.,maybe,docs,PR and release metadata,"Stated as a rendering consequence, in a worked example.",Same obligation as the development_details changelog backtick rule.
ASTROPY-C045,https://docs.astropy.org/en/latest/development/git_resources.html | About Names in git,"tl;dr: Never work in your main branch, always work in a feature branch.","Make changes on a feature branch, never on ``main``.",prohibited,workflow,Git and commit conventions,Set in an .. Important:: directive; the section then explains the three-way ambiguity of the name ``main``.,none
ASTROPY-C046,https://docs.astropy.org/en/latest/development/git_resources.html | Rebasing on main,"it is never allowed to force push to the main astropy repo (typically called ``upstream``), because this would re-write commit history and thus cause problems for all others.",Never force-push to the upstream astropy repository.,prohibited,workflow,Git and commit conventions,"""Note that this will overwrite the branch on GitHub, i.e. this is one of the few ways you can actually lose commits with git."" Force-pushing your own fork is explicitly allowed.",none
ASTROPY-C047,https://docs.astropy.org/en/latest/development/git_resources.html | Rewriting commit history,Do this only for your own feature branches.,Rewrite commit history only on your own feature branches.,must,workflow,Git and commit conventions,Set in a .. note:: directive introducing interactive rebasing.,none
ASTROPY-C048,https://docs.astropy.org/en/latest/development/git_resources.html | Git mailmap,"Please run `git shortlog -es` locally first with your changes to make sure your edit is correct, and you only appear in the list once.",Run ``git shortlog -es`` locally to verify a ``.mailmap`` edit before proposing it.,must,workflow,Git and commit conventions,"""If you need to edit .mailmap and know how to do it then you can open a pull request for that."" - the whole section is gated on the contributor's own identity record.","Applies only if the contributor edits .mailmap, which depends on their own name appearing more than once in the history."
ASTROPY-C049,https://docs.astropy.org/en/latest/development/development_details.html | Pre-commit,We encourage you to setup and use these hooks to ensure that your code always meets our coding style standards.,Install and use the project's pre-commit hooks.,maybe,workflow,Code and quality,"""All of the coding style checks described in :ref:`code-style` can be performed automatically when you make a git commit"". The section also names ``tox -e codestyle`` and ``pre-commit run`` as manual alternatives.",none
ASTROPY-C050,https://docs.astropy.org/en/latest/development/development_details.html | Pre-commit,"The changes made by ``pre-commit`` will not be automatically staged, so you will need to review and re-stage any files that ``pre-commit`` has changed.",Review and re-stage any file that pre-commit rewrote before committing.,must,"workflow,commit",Code and quality,Set in a .. note:: directive; the consequence of not doing it is a commit that omits the fixes.,Fires only if the contributor runs pre-commit and it rewrites a file.
ASTROPY-C051,https://docs.astropy.org/en/latest/development/development_details.html | Pre-commit,"If you do not want to use ``pre-commit`` as part of your git workflow, you can still run the checks manually (see, :ref:`code-style`) using::

  tox -e codestyle",Run ``tox -e codestyle`` if you do not use the pre-commit hooks.,maybe,workflow,Code and quality,Explicitly the alternative branch of the pre-commit rule; ``pre-commit run`` is offered as a third route.,Alternative form of the pre-commit style-check obligation.
ASTROPY-C052,https://docs.astropy.org/en/latest/development/development_details.html | The editing workflow > In more detail,"Each logical set of changes should be treated as one commit. For example, if you are fixing a known bug in Astropy and notice a different bug while implementing your fix, implement the fix to that new bug as a different set of changes.",Put each logical set of changes in its own commit.,must,commit,Git and commit conventions,The worked example in git_edit_workflow_examples nevertheless sanctions committing a test and its fix together.,none
ASTROPY-C053,https://docs.astropy.org/en/latest/development/development_details.html | The editing workflow > In more detail,"Test that your changes do not lead to *regressions*, i.e. that your changes do not break existing code, by running the Astropy tests as described in :ref:`testing-guidelines`.",Run the astropy test suite and confirm your changes break no existing test.,must,"test,workflow",Tests and test style,"CONTRIBUTING.md's merge checklist restates this as ""Does ``tox -e test`` run without failures?""",none
ASTROPY-C054,https://docs.astropy.org/en/latest/development/development_details.html | The editing workflow > In more detail,"If appropriate, as when you are adding a new feature, you should update the appropriate documentation in the ``docs`` directory",Update the narrative documentation in ``docs/`` when you add a feature.,maybe,docs,Documentation and docstrings,"""If appropriate"" leaves the trigger to the contributor; CONTRIBUTING.md states the same obligation unhedged as ""be sure to include a description in the main documentation"".",Applies only if the PR adds new functionality. Conflicting strengths with the CONTRIBUTING.md Documentation bullet.
ASTROPY-C055,https://docs.astropy.org/en/latest/development/development_details.html | The editing workflow > In more detail,"you can also check that the documentation builds and looks correct by running, from the ``astropy`` directory::

     cd docs
     make html

   The last line should just state ``build succeeded``, and should not mention any warnings.",Build the documentation and confirm it reports ``build succeeded`` with no warnings.,must,"docs,workflow",Documentation and docstrings,"Gated on ""If you have sphinx installed""; CONTRIBUTING.md's checklist asks the same question as a merge condition.",none
ASTROPY-C056,https://docs.astropy.org/en/latest/development/development_details.html | The editing workflow > In more detail,"Add tests of your new code, if appropriate. Some changes (e.g. to documentation) do not need tests.",Add tests covering new code.,must,test,Tests and test style,"""Some changes (e.g. to documentation) do not need tests"" is the stated exemption. CONTRIBUTING.md's checklist and the quickstart tips both restate it as a merge condition.",Applies only if the PR changes code rather than documentation alone.
ASTROPY-C057,https://docs.astropy.org/en/latest/development/development_details.html | The editing workflow > In more detail,"if you have no experience writing tests or with the |pytest| testing framework submit your changes without adding tests, but mention in the pull request that you have not written tests.",Say in the pull request that you have written no tests when you submit without them.,must,PR,PR and release metadata,"An explicit escape hatch from the add-tests rule, conditioned on the contributor's own experience.","Applies only if the contributor is inexperienced with pytest - a fact about the person, not the change."
ASTROPY-C058,https://docs.astropy.org/en/latest/development/development_details.html | The editing workflow > In more detail,Make your `git`_ commit messages short and descriptive.,Keep commit messages short and descriptive.,maybe,commit,Git and commit conventions,"Set in a .. note:: directive. No character limit is given anywhere in astropy's docs, unlike django's 72 or sympy's 71.",none
ASTROPY-C059,https://docs.astropy.org/en/latest/development/development_details.html | The editing workflow > In more detail,"If a commit fixes an issue, include, on the second or later line of the commit message, the issue number in the commit message, like this: ``Closes #123``. Doing so will automatically close the issue when the pull request is accepted.",Put ``Closes #<issue>`` on the second or a later line of the commit message when the commit fixes an issue.,must,commit,Git and commit conventions,The consequence is stated: GitHub auto-closes the issue when the PR is accepted. The line position is part of the form.,Applies only if the commit fixes a reported issue.
ASTROPY-C060,https://docs.astropy.org/en/latest/development/development_details.html | The editing workflow > In more detail,"Some modifications require more than one commit; if in doubt, break your changes into a few, smaller, commits rather than one large commit that does many things at once.",Split a large change into several smaller commits.,maybe,commit,Git and commit conventions,"""if in doubt"" - offered as a tiebreaker, not a threshold.",none
ASTROPY-C061,https://docs.astropy.org/en/latest/development/development_details.html | Add a changelog entry,Add a changelog fragment briefly describing the change you made by creating a new file in ``docs/changes/<sub-package>/``.,Add a changelog fragment under ``docs/changes/<sub-package>/`` describing your change.,must,docs,PR and release metadata,"CONTRIBUTING.md exempts ""fixes to bugs introduced in the developer version"" and ""minor documentation or test updates"", and lists the entry on the merge checklist as ""If applicable"".","Applies only to user-visible changes: new features, API changes, fixed issues."
ASTROPY-C062,https://docs.astropy.org/en/latest/development/development_details.html | Add a changelog entry,"The file should be named like ``<PULL REQUEST>.<TYPE>.rst``, where ``<PULL REQUEST>`` is a pull request number, and ``<TYPE>`` is one of:

* ``feature``: New feature.
* ``api``: API change.
* ``bugfix``: Bug fix.
* ``perf``: Performance improvement [...]
* ``other``: Other changes and additions.",Name the changelog fragment ``<PR number>.<feature|api|bugfix|perf|other>.rst``.,must,docs,PR and release metadata,The .pre-commit-config.yaml `changelogs-rst` hook fails any file under docs/changes/<pkg>/ not matching `\d+\.(bugfix|feature|api|perf)(\.\d)?\.rst`.,"""If you are opening a new pull request, you may not know its number yet, but you can add it *after* you make the pull request."""
ASTROPY-C063,https://docs.astropy.org/en/latest/development/development_details.html | Add a changelog entry,"When writing changelog entries, do not attempt to make API reference links by using single-backticks.",Do not use single backticks for API reference links in changelog fragments.,prohibited,docs,PR and release metadata,"""This is because the changelog (in its current format) runs for the history of the project, and API references you make today may not be valid in a future version of Astropy.""",none
ASTROPY-C064,https://docs.astropy.org/en/latest/development/development_details.html | Add a changelog entry,use of double-backticks for monospace rendering of module/class/function/argument names and the like is encouraged.,Use double backticks for code names in changelog fragments.,maybe,docs,PR and release metadata,Stated as the sanctioned counterpart to the single-backtick prohibition.,none
ASTROPY-C065,https://docs.astropy.org/en/latest/development/development_details.html | Make a pull request,"Enter a title for the set of changes, and some explanation of what you've done.",Give the pull request a title and an explanation of the change.,must,PR,PR and release metadata,"""If there is anything you'd like particular attention for, like a complicated change or some code you are not happy with, add the details here.""",none
ASTROPY-C066,https://docs.astropy.org/en/latest/development/development_details.html | Make a pull request,"If you don't think your request is ready to be merged, just say so in your pull request message.",Say in the pull request when the change is not ready to be merged.,maybe,PR,PR and release metadata,"""This is still a good way to start a preliminary code review."" The draft-PR mechanism is offered as the alternative.",none
ASTROPY-C067,https://docs.astropy.org/en/latest/development/development_details.html | Make a pull request,"if your commits are not ready for CI testing, you should also use ``[ci skip]`` or ``[skip ci]`` directive in your commit message.",Put ``[ci skip]`` or ``[skip ci]`` in the commit message when the commits are not ready for CI.,must,commit,Git and commit conventions,"""You may also opt to open a work-in-progress pull request."" CONTRIBUTING.md adds that the two spellings are interchangeable.",Fires only if the contributor opens work-in-progress commits.
ASTROPY-C068,https://docs.astropy.org/en/latest/development/development_details.html | Do Not Create a Merge Commit,"GitHub might offer you the option to catch up or resolve conflicts via its web interface, but do not use this. Using the web interface might create a ""merge commit"" in your commit history, which is undesirable",Do not resolve conflicts through GitHub's web interface.,prohibited,workflow,Git and commit conventions,"""a 'merge commit' can introduce maintenance overhead for the release manager as well as undesirable branch structure complexity.""",none
ASTROPY-C069,https://docs.astropy.org/en/latest/development/development_details.html | Do Not Create a Merge Commit,Do not use the ``git pull`` command either.,Do not update your branch with ``git pull``.,prohibited,workflow,Git and commit conventions,"""Pulling changes from ``astropy/main`` includes merging the branches, which combines them in a way that preserves the commit history of both. The purpose of rebasing is rewriting the commit history of your branch, not preserving it."" Set in a .. warning:: directive.",none
ASTROPY-C070,https://docs.astropy.org/en/latest/development/development_details.html | Do Not Create a Merge Commit,"Instead, in your local checkout, do a ``fetch`` and then a ``rebase``, and resolve conflicts as necessary.",Bring your branch up to date with ``git fetch`` followed by ``git rebase``.,must,workflow,Git and commit conventions,Stated as the sanctioned replacement for the web interface and for ``git pull``.,none
ASTROPY-C071,https://docs.astropy.org/en/latest/development/development_details.html | Rebase if necessary > When to rebase,"Pull requests **must** be rebased (but not necessarily squashed to a single commit) if at least one of the following conditions is met:

* There are conflicts with ``main``.
* There are commits in ``main`` (after the PR branch point) needed for continuous integration tests to run correctly.
* There are merge commits from ``astropy/main`` in the PR commit history","Rebase the pull request when it conflicts with ``main``, needs newer ``main`` commits for CI, or carries merge commits from ``astropy/main``.",must,workflow,Git and commit conventions,"""merge commits from PRs to the user's fork are fine"" is the stated exception.",none
ASTROPY-C072,https://docs.astropy.org/en/latest/development/development_details.html | Rebase if necessary > How to rebase,"before you start make a branch to serve as a backup copy of your work::

    git branch tmp my-new-feature",Make a backup branch before rebasing.,maybe,workflow,Git and commit conventions,"""It is easier to make mistakes rebasing than other areas of git"".",none
ASTROPY-C073,https://docs.astropy.org/en/latest/development/development_details.html | Squash if necessary > When to squash,"If a pull request contains commits with large (approximately > 10KB) intermediate changes which are ultimately removed or modified in the PR, the intermediate diffs **must** be squashed.",Squash intermediate commits larger than about 10KB whose changes are later removed or modified.,must,workflow,Git and commit conventions,"""The goal is to avoid an unnecessary increase in the size of the ``astropy`` repository."" An example is given: adding then removing a large data file.",none
ASTROPY-C074,https://docs.astropy.org/en/latest/development/development_details.html | Squash if necessary > When to squash,Squashing commits is **encouraged** when there are numerous commits which do not add value to the commit history.,Squash commits that add no value to the history.,maybe,workflow,Git and commit conventions,"""In general, commits that reflect a specific atomic change (e.g., 'Fixed bug revealed by tests for feature X') may have value for the history."" A list of good squash candidates follows.",none
ASTROPY-C075,https://docs.astropy.org/en/latest/development/development_details.html | How to push,"Use of a simple ``git push`` will be prevented because of the changed history, and will need to be manually overridden using::

    git push origin my-new-feature --force",Force-push to your own fork after rebasing.,must,workflow,Git and commit conventions,Paired with the git_resources prohibition on force-pushing to upstream.,Fires only if the contributor rebased an already-pushed branch.
ASTROPY-C076,https://docs.astropy.org/en/latest/development/codeguide.html | Interface and Dependencies,All code must be compatible with the versions of Python indicated by the ``requires-python`` key  under ``[project]`` in the `pyproject.toml <https://github.com/astropy/astropy/blob/main/pyproject.toml>`_ file of the core package.,Keep all code compatible with the Python versions in ``requires-python`` in ``pyproject.toml``.,must,code,Code and quality,"The supported range is not written in the prose; it is read out of pyproject.toml, which the docs link to.",CONTRIBUTING.md's merge checklist asks the same question.
ASTROPY-C077,https://docs.astropy.org/en/latest/development/codeguide.html | Interface and Dependencies,"The core package should be importable with no dependencies other than components already in the Astropy core, the `Python Standard Library <https://docs.python.org/3/library/index.html>`_, and |NumPy| |minimum_numpy_version| or later.","Keep the core package importable using only the standard library, NumPy, and astropy itself.",must,code,Code and quality,"The next bullet carves out the exception: additional dependencies are allowed inside sub-modules and function calls, not at import time.",none
ASTROPY-C078,https://docs.astropy.org/en/latest/development/codeguide.html | Interface and Dependencies,"Additional dependencies - such as |SciPy|, |Matplotlib|, or other third-party packages - are allowed for sub-modules or in function calls, but they must be noted in the package documentation",Document any additional third-party dependency a sub-module or function introduces.,must,"docs,code",Specialized changes,"The permission and the obligation are in one sentence: allowed, but only if documented.",Applies only if the PR introduces a third-party dependency.
ASTROPY-C079,https://docs.astropy.org/en/latest/development/codeguide.html | Interface and Dependencies,Additional dependencies [...] should only affect the relevant component.,Confine an additional dependency's effect to the component that needs it.,maybe,code,Specialized changes,Read together with the import-time rule above; states a property of the result rather than a form.,Applies only if the PR introduces a third-party dependency.
ASTROPY-C080,https://docs.astropy.org/en/latest/development/codeguide.html | Interface and Dependencies,"In functions and methods, the optional dependency should use a normal ``import`` statement, which will raise an ``ImportError`` if the dependency is not available.",Import an optional dependency with a plain ``import`` inside the function or method that uses it.,must,code,Specialized changes,"The consequence is stated in the same sentence: a plain import is what produces the ImportError users are meant to see. CONTRIBUTING.md's checklist asks ""Do functions that require additional dependencies raise an ``ImportError`` if they are not present?""",Applies only if the code uses an optional dependency.
ASTROPY-C081,https://docs.astropy.org/en/latest/development/codeguide.html | Interface and Dependencies,"In the astropy core package, such optional dependencies should be recorded in the ``pyproject.toml`` file in the ``[project.optional-dependencies]`` entry (put it in the appropriate category of optional dependencies).",Record an optional dependency in ``[project.optional-dependencies]`` in ``pyproject.toml``.,must,code,Specialized changes,"The parenthesis names the sub-decision; testguide names the categories (``all``, ``test_all``) exactly.",Applies only if the PR introduces an optional dependency. Same file and section as the testguide optional-dependency rule.
ASTROPY-C082,https://docs.astropy.org/en/latest/development/codeguide.html | Interface and Dependencies,"At the module level, one can subclass a class from an optional dependency like so::

      try:
          from opdep import Superclass
      except ImportError:
          warn(AstropyWarning('opdep is not present, so <functionality>'
                              'will not work.'))
          class Superclass: pass",Guard a module-level import from an optional dependency with try/except ImportError and a fallback that warns.,maybe,code,Specialized changes,"""one can"" - offered as a worked pattern for the module-level case the plain-import rule cannot cover.",Applies only if a module-level class inherits from an optional dependency.
ASTROPY-C083,https://docs.astropy.org/en/latest/development/codeguide.html | Interface and Dependencies,General utilities necessary for but not specific to the package or sub-package should be placed in a ``packagename.utils`` module (e.g. ``astropy.utils`` for the core package).,Put general-purpose utilities in ``astropy.utils`` rather than in a sub-package.,must,code,Language and framework style,none,Applies only if the PR adds a utility that is not specific to one sub-package.
ASTROPY-C084,https://docs.astropy.org/en/latest/development/codeguide.html | Interface and Dependencies,"If a utility is already present in :mod:`astropy.utils`, packages should always use that utility instead of re-implementing it in ``packagename.utils`` module.",Use an existing ``astropy.utils`` utility instead of re-implementing it.,must,code,Language and framework style,"""always"" removes the discretion the surrounding bullets otherwise allow.",none
ASTROPY-C085,https://docs.astropy.org/en/latest/development/codeguide.html | Documentation and Testing,Docstrings must be present for all public classes/methods/functions,"Give every public class, method, and function a docstring.",must,"docs,code",Documentation and docstrings,"docguide restates it as ""Docstrings must be provided for all public classes, methods, and functions""; CONTRIBUTING.md's checklist asks the same.",none
ASTROPY-C086,https://docs.astropy.org/en/latest/development/codeguide.html | Documentation and Testing,[Docstrings] must follow the form outlined in the :doc:`docguide` document.,Write docstrings in the form the documentation guidelines set out.,must,"docs,code",Documentation and docstrings,A pointer; docguide names the actual form (numpydoc).,Same obligation as the docguide numpydoc rule.
ASTROPY-C087,https://docs.astropy.org/en/latest/development/codeguide.html | Documentation and Testing,Write usage examples in the docstrings of all classes and functions whenever possible.,Include a usage example in the docstring of a class or function.,maybe,"docs,code",Documentation and docstrings,"""whenever possible"" sanctions omission; CONTRIBUTING.md's checklist asks for ""An example of running the code?"".",none
ASTROPY-C088,https://docs.astropy.org/en/latest/development/codeguide.html | Documentation and Testing,These examples should be short and simple to reproduce--users should be able to copy them verbatim and run them.,Keep docstring examples short and runnable verbatim.,maybe,"docs,code",Documentation and docstrings,No length or complexity bound is offered.,none
ASTROPY-C089,https://docs.astropy.org/en/latest/development/codeguide.html | Documentation and Testing,"These examples should, whenever possible, be in the :ref:`doctest <doctests>` format and will be executed as part of the test suite.",Write docstring examples in doctest format.,maybe,"docs,code",Documentation and docstrings,"""whenever possible""; the consequence is that they run as tests, which testguide's Writing doctests section covers.",none
ASTROPY-C090,https://docs.astropy.org/en/latest/development/codeguide.html | Documentation and Testing,"Unit tests should be provided for as many public methods and functions as possible, and should adhere to the standards set in the :doc:`testguide` document.",Provide unit tests for public methods and functions.,maybe,test,Tests and test style,"A pointer to testguide, which states the same coverage expectation.",Same obligation as the testguide Package-specific tests coverage rule.
ASTROPY-C091,https://docs.astropy.org/en/latest/development/codeguide.html | Data and Configuration,Packages can include data in a directory named ``data`` inside a subpackage source directory,Put package data files in a ``data`` directory inside the sub-package.,must,code,Specialized changes,The .pre-commit-config.yaml `check-added-large-files` hook enforces a 300kB ceiling independently of the docs' 100kB guidance.,Applies only if the PR adds a data file.
ASTROPY-C092,https://docs.astropy.org/en/latest/development/codeguide.html | Data and Configuration,"Packages can include data in a directory named ``data`` inside a subpackage source directory as long as it is less than about 100 kB. [...] If the data exceeds this size, it should be hosted outside the source code repository",Keep in-repository data files under about 100 kB and host anything larger off the repository.,must,code,Specialized changes,"""either at a third-party location on the internet or the `astropy data server <https://github.com/astropy/astropy-data>`_."" ""about"" softens the number; pre-commit's hard ceiling is 300kB.",Applies only if the PR adds a data file.
ASTROPY-C093,https://docs.astropy.org/en/latest/development/codeguide.html | Data and Configuration,These data should always be accessed via the :func:`~astropy.utils.data.get_pkg_data_fileobj` or :func:`~astropy.utils.data.get_pkg_data_filename` functions.,Access package data through ``get_pkg_data_fileobj`` or ``get_pkg_data_filename``.,must,code,Specialized changes,"""In either case, it should always be downloaded using"" the same two functions, whether the data is bundled or remote.",Applies only if the code reads a package data file. Same access rule as the testguide data-files section.
ASTROPY-C094,https://docs.astropy.org/en/latest/development/codeguide.html | Data and Configuration,"If a specific version of a data file is needed, the hash mechanism described in :mod:`astropy.utils.data` should be used.",Pin a specific version of a data file with the ``astropy.utils.data`` hash mechanism.,must,code,Specialized changes,testguide shows the form: ``get_data_filename('hash/94935ac31d585f68041c08f87d1a19d4')``.,Applies only if the code needs a specific version of a data file.
ASTROPY-C095,https://docs.astropy.org/en/latest/development/codeguide.html | Data and Configuration,All persistent configuration should use the :ref:`astropy_config` mechanism.,Implement persistent configuration through the ``astropy.config`` mechanism.,must,code,Specialized changes,"""All"" with a single named mechanism and no alternative.",Applies only if the PR adds persistent configuration.
ASTROPY-C096,https://docs.astropy.org/en/latest/development/codeguide.html | Data and Configuration,Such configuration items should be placed at the top of the module or package that makes use of them,Declare configuration items at the top of the module or package that uses them.,must,code,Specialized changes,none,Applies only if the PR adds a configuration item.
ASTROPY-C097,https://docs.astropy.org/en/latest/development/codeguide.html | Data and Configuration,and supply a description sufficient for users to understand what the setting changes.,Describe what each configuration item changes.,maybe,"docs,code",Specialized changes,"""sufficient for users to understand"" is the only bound.",Applies only if the PR adds a configuration item.
ASTROPY-C098,"https://docs.astropy.org/en/latest/development/codeguide.html | Standard output, warnings, and errors","The built-in ``print(...)`` function should only be used for output that is explicitly requested by the user, for example ``print_header(...)`` or ``list_catalogs(...)``.",Use ``print()`` only for output the user explicitly asked for.,must,code,Language and framework style,"""Any other standard output, warnings, and errors should follow these rules"" - the three bullets that follow name the replacement for each case.",none
ASTROPY-C099,"https://docs.astropy.org/en/latest/development/codeguide.html | Standard output, warnings, and errors","For errors/exceptions, one should always use ``raise`` with one of the built-in exception classes, or a custom exception class.",Raise a built-in or custom exception class for error conditions.,must,code,Language and framework style,"""always"", with the alternatives enumerated.",none
ASTROPY-C100,"https://docs.astropy.org/en/latest/development/codeguide.html | Standard output, warnings, and errors","The nondescript ``Exception`` class should be avoided as much as possible, in favor of more specific exceptions (`IOError`, `ValueError`, etc.).",Do not raise the bare ``Exception`` class.,maybe,code,Language and framework style,"""as much as possible"" is an in-rule hedge; the named alternatives are exact.",none
ASTROPY-C101,"https://docs.astropy.org/en/latest/development/codeguide.html | Standard output, warnings, and errors","For warnings, one should always use ``warnings.warn(message, warning_class)``.","Emit warnings with ``warnings.warn(message, warning_class)``.",must,code,Language and framework style,"""These get redirected to ``log.warning()`` by default, but one can still use the standard warning-catching mechanism and custom warning classes.""",none
ASTROPY-C102,"https://docs.astropy.org/en/latest/development/codeguide.html | Standard output, warnings, and errors",The warning class should be either :class:`~astropy.utils.exceptions.AstropyUserWarning` or inherit from it.,Use ``AstropyUserWarning`` or a subclass of it as the warning class.,must,code,Language and framework style,Names the exact class and the only permitted relation to it.,Applies only if the code emits a warning.
ASTROPY-C103,"https://docs.astropy.org/en/latest/development/codeguide.html | Standard output, warnings, and errors","For informational and debugging messages, one should always use ``log.info(message)`` and ``log.debug(message)``.",Emit informational and debugging messages through ``log.info()`` and ``log.debug()``.,must,code,Language and framework style,"""The logging system uses the built-in Python :py:mod:`logging` module. The logger can be imported using:: from astropy import log"".",none
ASTROPY-C104,https://docs.astropy.org/en/latest/development/codeguide.html | Coding Style/Conventions,The code should follow the standard `PEP8 Style Guide for Python Code <https://www.python.org/dev/peps/pep-0008/>`_.,Follow PEP 8.,must,code,Language and framework style,"""Our testing infrastructure currently enforces a subset of the |PEP8| style guide."" tox.ini defines a ``codestyle`` environment that runs ruff.",External standard; one pointer rule.
ASTROPY-C105,https://docs.astropy.org/en/latest/development/codeguide.html | Coding Style/Conventions,``astropy`` itself enforces this style guide using the `ruff format <https://docs.astral.sh/ruff/formatter/>`_ code formatter,Format Python files with ``ruff format``.,must,code,Language and framework style,"""In the rare cases that ruff_ formatting is undesirable, it is possible to disable formatting locally."" .pre-commit-config.yaml runs the `ruff-format` hook, which rewrites files.",none
ASTROPY-C106,https://docs.astropy.org/en/latest/development/codeguide.html | Coding Style/Conventions,these checks also enforce `isort <https://pycqa.github.io/isort/>`_ to sort the module imports,Sort module imports.,must,code,Language and framework style,"Enforced through ruff's isort rules in the `ruff-check` pre-commit hook, which is run with ``--fix``.",none
ASTROPY-C107,https://docs.astropy.org/en/latest/development/codeguide.html | Coding Style/Conventions,"Our testing infrastructure currently enforces a subset of the |PEP8| style guide. In addition, these checks also enforce [...] a large set of style-checks supported by ruff_.",Make the code pass the repository's configured ruff checks.,must,code,Language and framework style,"""We note that the particular set of |PEP8| and style-related checks that are used in Astropy do not need to be used in affiliated packages."" The rule set lives in pyproject.toml, not in the prose.",none
ASTROPY-C108,https://docs.astropy.org/en/latest/development/codeguide.html | Coding Style/Conventions,"``astropy`` source code should contain a comment at the beginning of the file pointing to the license for the ``astropy`` source code.  This line should say::

      # Licensed under a 3-clause BSD style license - see LICENSE.rst",Start each source file with the comment ``# Licensed under a 3-clause BSD style license - see LICENSE.rst``.,must,code,Language and framework style,"The exact line is given verbatim. CONTRIBUTING.md's checklist asks ""Is the `astropy` license included at the top of the file?""",Applies only if the PR adds a new source file.
ASTROPY-C109,https://docs.astropy.org/en/latest/development/codeguide.html | Coding Style/Conventions,When a list or array should be formatted as one item per line then this is best achieved by using the `magic trailing comma`,Use a magic trailing comma to keep a list or array formatted one item per line.,maybe,code,Language and framework style,"Set in a .. note:: under the formatting-suppression paragraph, offered as the preferred alternative to disabling ruff formatting.",Fires only if the contributor wants a literal kept one item per line.
ASTROPY-C110,https://docs.astropy.org/en/latest/development/codeguide.html | Coding Style/Conventions,"Classes should either use direct variable access, or Python's property mechanism for setting object instance variables. ``get_value``/``set_value`` style methods should be used only when getting and setting the values requires a computationally-expensive operation.",Expose instance state through attributes or properties rather than get_/set_ methods unless access is computationally expensive.,must,code,Language and framework style,"The Examples section shows the intended and unintended forms side by side, labelling ``s.set_color(0.4)`` ""Bad form!"".",none
ASTROPY-C111,https://docs.astropy.org/en/latest/development/codeguide.html | Coding Style/Conventions,Classes should use the builtin `super` function when making calls to methods in their super-class(es) unless there are specific reasons not to.,Call super-class methods through ``super()``.,must,code,Language and framework style,"""`super` should be used consistently in all subclasses since it does not work otherwise."" The super() vs direct-calling example shows the broken MRO that results.",none
ASTROPY-C112,https://docs.astropy.org/en/latest/development/codeguide.html | Coding Style/Conventions,Multiple inheritance should be avoided in general without good reason. [...] Non-trivial multiple-inheritance schemes should not be attempted without good justification,Avoid non-trivial multiple inheritance.,maybe,code,Language and framework style,"""However, trivial multiple inheritance using orthogonal base classes, known as the 'mixin' pattern, may be used.""",none
ASTROPY-C113,https://docs.astropy.org/en/latest/development/codeguide.html | Coding Style/Conventions,``__init__.py`` files for modules should not contain any significant implementation code.,Keep implementation code out of ``__init__.py``.,maybe,code,Language and framework style,"""``__init__.py`` can contain docstrings and code for organizing the module layout, however (e.g. ``from submodule import *`` in accord with the guideline above).""",none
ASTROPY-C114,https://docs.astropy.org/en/latest/development/codeguide.html | Coding Style/Conventions,"If a module is small enough that it fits in one file, it should simply be a single file, rather than a directory with an ``__init__.py`` file.",Keep a small module as a single file rather than a package directory.,maybe,code,Language and framework style,"""small enough that it fits in one file"" is the only threshold offered.",none
ASTROPY-C115,https://docs.astropy.org/en/latest/development/codeguide.html | Coding Style/Conventions,Command-line scripts should follow the form outlined in the :doc:`scripts` document.,Follow the command-line script conventions in the scripts document.,must,code,Specialized changes,A pointer; the scripts page states the actual form.,Applies only if the PR adds a command-line script. Same obligation as the scripts page rules.
ASTROPY-C116,https://docs.astropy.org/en/latest/development/codeguide.html | Unicode guidelines,`~object.__repr__`: Return a `str` containing only ASCII characters. The output must be independent of the ``astropy.conf.unicode_output`` setting.,Make ``__repr__`` return ASCII-only text regardless of ``unicode_output``.,must,code,Language and framework style,"""For maximum compatibility, we need to assume that writing non-ASCII characters to the console or to files will not work."" A test helper, ``assert_follows_unicode_guidelines``, exists to check this.",Applies only if the class implements string conversion methods.
ASTROPY-C117,https://docs.astropy.org/en/latest/development/codeguide.html | Unicode guidelines,`~object.__str__`: Return a `str` containing only ASCII characters if ``astropy.conf.unicode_output`` is `False`.,Make ``__str__`` and ``__format__`` return ASCII-only text when ``unicode_output`` is False.,must,code,Language and framework style,``__format__`` carries the same rule with the extra condition that ``format_spec`` is empty. Both may return non-ASCII when the setting is True.,Applies only if the class implements string conversion methods.
ASTROPY-C118,https://docs.astropy.org/en/latest/development/codeguide.html | Unicode guidelines,"For classes that are expected to roundtrip through strings, the parser must accept the output of `~object.__str__`.",Make a round-trippable class's parser accept its own ``__str__`` output.,must,code,Language and framework style,"""This design generally follows `Postel's Law`: 'Be liberal in what you accept, and conservative in what you send.'""",Applies only if the class is expected to round-trip through strings.
ASTROPY-C119,https://docs.astropy.org/en/latest/development/codeguide.html | Including C Code,"C extensions are only allowed when they provide a significant performance enhancement over pure Python, or a robust C library already exists to provided the needed functionality.",Add a C extension only for a significant performance gain or to wrap an existing C library.,maybe,code,Specialized changes,"""significant"" is the only threshold; no benchmark is required.",Applies only if the PR adds a C extension.
ASTROPY-C120,https://docs.astropy.org/en/latest/development/codeguide.html | Including C Code,"When C extensions are used, the Python interface must meet the aforementioned Python interface guidelines.",Make a C extension's Python interface meet the same interface guidelines as pure Python code.,must,code,Specialized changes,"""aforementioned"" points back at the Interface and Dependencies section on the same page.",Applies only if the PR adds a C extension. Restates the Interface and Dependencies rules for C code.
ASTROPY-C121,https://docs.astropy.org/en/latest/development/codeguide.html | Including C Code,The use of Cython_ is strongly recommended for C extensions.,Write C extensions in Cython.,maybe,code,Specialized changes,"""In cases where C extensions are needed but Cython_ cannot be used, the `PEP 7 Style Guide for C Code` is recommended.""",Applies only if the PR adds a C extension.
ASTROPY-C122,https://docs.astropy.org/en/latest/development/codeguide.html | Including C Code,Cython_ extensions should store ``.pyx`` files in the source code repository,Commit the ``.pyx`` sources of a Cython extension.,must,code,Specialized changes,Paired in one sentence with the prohibition on committing generated .c files.,Applies only if the PR adds a Cython extension.
ASTROPY-C123,https://docs.astropy.org/en/latest/development/codeguide.html | Including C Code,"Cython_ extensions should store ``.pyx`` files in the source code repository, but not the generated ``.c`` files.",Do not commit the ``.c`` files Cython generates.,prohibited,code,Specialized changes,"The ccython page reinforces it: the ``.pyx`` files, not the generated ``.c`` files, must be given as the extension source.",Applies only if the PR adds a Cython extension.
ASTROPY-C124,https://docs.astropy.org/en/latest/development/codeguide.html | Including C Code,"If a C extension has a dependency on an external C library, the source code for the library should be bundled with the Astropy core, provided the license for the C library is compatible with the Astropy license.","Bundle the source of an external C library a C extension depends on, if its license permits.",must,code,Specialized changes,The license compatibility condition is written into the rule. cextern/ holds the bundled copies and is excluded from pre-commit.,Applies only if the PR adds a C extension with an external C library dependency.
ASTROPY-C125,https://docs.astropy.org/en/latest/development/codeguide.html | Including C Code,"the package must be compatible with using a system-installed library in place of the library included in Astropy, and a user installing the package should be able to opt-in to using the system version using a ``ASTROPY_USE_SYSTEM_???`` environment variable, where ``???`` is the name of the library, e.g. ``ASTROPY_USE_SYSTEM_WCSLIB``",Let a bundled C library be replaced by the system copy through an ``ASTROPY_USE_SYSTEM_<LIB>`` environment variable.,must,code,Specialized changes,development_details lists the existing variables and the ``ASTROPY_USE_SYSTEM_ALL`` catch-all.,Applies only if the PR bundles an external C library.
ASTROPY-C126,https://docs.astropy.org/en/latest/development/codeguide.html | Including C Code,"In cases where C extensions are needed but Cython_ cannot be used, the `PEP 7 Style Guide for C Code <https://www.python.org/dev/peps/pep-0007/>`_ is recommended.",Follow PEP 7 in hand-written C extension code.,maybe,code,Specialized changes,Explicitly the fallback branch of the Cython recommendation.,External standard; one pointer rule. Applies only if the PR adds non-Cython C code.
ASTROPY-C127,https://docs.astropy.org/en/latest/development/codeguide.html | Including C Code,C extensions (Cython_ or otherwise) should provide the necessary information for building the extension via the mechanisms described in :ref:`building-c-or-cython-extensions`.,Declare a C extension's build information through the documented extension mechanism.,must,code,Specialized changes,A pointer; the ccython page names ``get_extensions`` in ``setup_package.py`` as the mechanism.,Applies only if the PR adds a C extension. Same obligation as the ccython get_extensions rule.
ASTROPY-C128,https://docs.astropy.org/en/latest/development/quickstart.html | Install pre-commit,"This is optional, but *highly recommended*. `Pre-commit <https://pre-commit.com/>`_ is a tool that runs a number of :ref:`Continuous Integration (CI) <contributing.ci>` checks (e.g. code formatting) on your code before you commit it.",Install the pre-commit hooks before you start committing.,maybe,workflow,Code and quality,"""If you skip this step then it is likely that one or more of those CI checks will fail when you make a pull request, resulting in lost time (yours and CI resources).""",Same obligation as the development_details Pre-commit section.
ASTROPY-C129,https://docs.astropy.org/en/latest/development/quickstart.html | Creating and submitting a pull request,"If you are new to the Astropy Project and interested to submit a large patch (e.g., a new big feature or significant refactoring), we encourage you to first discuss your ideas on GitHub to increase the chance of your PR being accepted.",Discuss a large patch on GitHub before submitting it.,maybe,workflow,PR and release metadata,"Framed around acceptance odds, not as a condition.",Applies only if the contributor is new to the project and the patch is large - both facts outside the change itself.
ASTROPY-C130,https://docs.astropy.org/en/latest/development/quickstart.html | Creating a branch,"Your local ``main`` branch should always reflect the current state of astropy repository. First ensure it's up-to-date with the main astropy repository::

    git switch main
    git pull upstream main --ff-only",Keep your local ``main`` in sync with upstream before branching.,must,workflow,Git and commit conventions,The ``--ff-only`` flag is part of the given form; it is what prevents a merge commit.,none
ASTROPY-C131,https://docs.astropy.org/en/latest/development/quickstart.html | Creating a branch,Now create a development branch for making your changes.,Create a development branch for your changes.,must,workflow,Git and commit conventions,"""This changes your working branch from ``main`` to the ``subpackage-bug-fix`` branch."" git_resources states the same as ""Never work in your main branch"".",Same obligation as the git_resources feature-branch rule.
ASTROPY-C132,https://docs.astropy.org/en/latest/development/quickstart.html | Creating a branch,Keep any changes in this branch specific to one bug or feature so it is clear what the branch brings to astropy.,Keep one branch to one bug or feature.,maybe,workflow,Git and commit conventions,"""You can have many feature branches and switch in between them using the git switch command.""",none
ASTROPY-C133,https://docs.astropy.org/en/latest/development/quickstart.html | Creating a branch,Using a descriptive branch name can help you stay organized. For example ```io-ascii-commented-header``` might be a good name for a branch that fixes the commented header issue,Give the branch a descriptive name.,maybe,workflow,Git and commit conventions,"Stated as an aid to the contributor, with one worked example and no naming scheme.",none
ASTROPY-C134,https://docs.astropy.org/en/latest/development/quickstart.html | Making code or documentation changes,"**Test changes**: For code changes, ensure that they work as expected following the process outlined in the :ref:`testing-guidelines` section.",Test that code changes work as expected before submitting them.,must,"test,workflow",Tests and test style,"A pointer to testguide, restating the development_details regression-testing step.",Same obligation as the development_details regression-testing step.
ASTROPY-C135,https://docs.astropy.org/en/latest/development/quickstart.html | Making code or documentation changes,"**Build documentation**: If you are updating the documentation, you will want to :ref:`build the documentation <builddocs>` to ensure that it looks good.",Build the documentation after changing it.,maybe,"docs,workflow",Documentation and docstrings,"""you will want to"" - softer than development_details, which requires ``build succeeded`` with no warnings.",Applies only if the PR changes documentation. Same obligation as the development_details docs-build step.
ASTROPY-C136,https://docs.astropy.org/en/latest/development/quickstart.html | Making code or documentation changes,**Add a changelog entry**: For most code changes you will need to :ref:`add-changelog`.,Add a changelog entry for a code change.,must,docs,PR and release metadata,"""For most code changes"" - the exemptions are listed in CONTRIBUTING.md.",Same obligation as the development_details Add a changelog entry section.
ASTROPY-C137,https://docs.astropy.org/en/latest/development/quickstart.html | Making code or documentation changes,Never merge changes from ``upstream/main`` into your feature branch. If changes in ``main`` require changes to our code you must :ref:`rebase`.,Never merge ``upstream/main`` into your feature branch; rebase instead.,prohibited,workflow,Git and commit conventions,Set in an .. Important:: directive. development_details gives the mechanics and the reason.,Same obligation as the development_details merge-commit prohibition.
ASTROPY-C138,https://docs.astropy.org/en/latest/development/quickstart.html | Making a pull request,Follow the instructions in the PR template and fill it out as completely as possible.,Fill out the pull request template as completely as possible.,must,PR,PR and release metadata,The template itself is a set of HTML comments plus a Description heading and a Fixes line.,none
ASTROPY-C139,https://docs.astropy.org/en/latest/development/quickstart.html | Making a pull request,"If your PR is still a work in progress then instead of clicking ""Create pull request"", click on the small down arrow next to it and select ""Create draft pull request"".",Open a work-in-progress change as a draft pull request.,must,PR,PR and release metadata,"development_details says the same and adds that draft status ""will let the maintainers know that your work is not ready for a full review nor to be merged yet"".",Fires only if the contributor's work is still in progress.
ASTROPY-C140,https://docs.astropy.org/en/latest/development/quickstart.html | Making a pull request,"if your commits are not ready for CI testing, you should include ``[ci skip]`` the last commit message - but note that code formatting checks and documentation building will still be done.",Put ``[ci skip]`` in the last commit message when the commits are not ready for CI.,must,commit,Git and commit conventions,The exception is stated in the same sentence: formatting checks and the docs build run anyway.,Same obligation as the development_details [ci skip] rule.
ASTROPY-C141,https://docs.astropy.org/en/latest/development/quickstart.html | Tips for a successful pull request,**Reference any existing open issue** to link to that issue and close the issue if the PR is merged.,Reference the issue the pull request addresses.,must,PR,PR and release metadata,The PR template supplies the form: ``Fixes #<Issue Number>``.,Applies only if an open issue exists for the change.
ASTROPY-C142,https://docs.astropy.org/en/latest/development/quickstart.html | Tips for a successful pull request,**Ensure you have appropriate tests**.,Include appropriate tests with the pull request.,must,test,Tests and test style,"One of five bullets under ""To make the process as smooth and efficient as possible"".",Same obligation as the development_details add-tests step.
ASTROPY-C143,https://docs.astropy.org/en/latest/development/quickstart.html | Tips for a successful pull request,**Keep your pull requests as simple as possible** -- larger PRs take longer to review.,Keep a pull request as small as possible.,maybe,PR,PR and release metadata,The stated reason is review latency; no size threshold is given.,none
ASTROPY-C144,https://docs.astropy.org/en/latest/development/quickstart.html | Tips for a successful pull request,"**When practical, limit the scope of a PR to one sub-package** -- this means fewer required reviewers and a faster review process.",Limit a pull request to one sub-package.,maybe,"code,PR",PR and release metadata,"""When practical"" sanctions deviation; the reason given is reviewer count, not correctness.",none
ASTROPY-C145,https://docs.astropy.org/en/latest/development/quickstart.html | Tips for a successful pull request,**Ensure that CI is in a green state** -- any required failures should be addressed.,Get continuous integration passing on the pull request.,must,CI,PR and release metadata,"""any required failures should be addressed""; testguide notes that some GitHub Actions jobs are allowed failures.",none
ASTROPY-C146,https://docs.astropy.org/en/latest/development/style-guide.html | Abbreviations,"Place abbreviations such as i.e. and e.g. within parentheses, where they are followed by a comma.",Put ``i.e.`` and ``e.g.`` inside parentheses and follow them with a comma.,must,docs,Documentation and docstrings,"""Alternatively, consider using 'that is' and 'for example' instead"" - the alternative replaces the abbreviation, it does not relax the punctuation.",none
ASTROPY-C147,https://docs.astropy.org/en/latest/development/style-guide.html | Abbreviations,"Alternatively, consider using ""that is"" and “for example” instead, preceded by an em dash or semicolon and followed by a comma, or contained within em dashes.",Spell out ``that is`` or ``for example`` in place of the abbreviation where it reads better.,maybe,docs,Documentation and docstrings,"Explicitly the alternative branch, introduced by ""Alternatively, consider"".",none
ASTROPY-C148,https://docs.astropy.org/en/latest/development/style-guide.html | Abbreviations,"For general use and scientific terms, use abbreviations only when the abbreviated term is well-known and widely used within the astronomy community.",Abbreviate a scientific term only when the abbreviation is well known in astronomy.,maybe,docs,Documentation and docstrings,"""A good rule of thumb to follow when deciding whether or not something should be abbreviated is: when in doubt, write it out."" No list of accepted abbreviations is given.",none
ASTROPY-C149,https://docs.astropy.org/en/latest/development/style-guide.html | Abbreviations,"For less common scientific terms, or terms specific to a given field, write out the term or link to a resource of explanation.",Write out or link an uncommon or field-specific term.,maybe,docs,Documentation and docstrings,Same section; the examples contrast SI/CGS (abbreviate) with white dwarf (write out).,none
ASTROPY-C150,https://docs.astropy.org/en/latest/development/style-guide.html | Abbreviations,"1D, 2D, etc. is preferred over one-dimensional, two-dimensional, etc.",Write ``1D`` and ``2D`` rather than one-dimensional and two-dimensional.,maybe,docs,Documentation and docstrings,Given as an example under the abbreviation rule; the Numbers section repeats it.,none
ASTROPY-C151,https://docs.astropy.org/en/latest/development/style-guide.html | Abbreviations,"Names of organizations or other proper nouns that employ acronyms should be written as their known acronym, but with a hyperlink to a website or resource for reference",Write an organization's acronym and hyperlink it to a reference.,must,docs,Documentation and docstrings,The example given is `CODATA <https://codata.org/>`_.,Applies only if the text names an organization by acronym.
ASTROPY-C152,https://docs.astropy.org/en/latest/development/style-guide.html | Capitalization,"Capitalize all proper nouns (names) in plain text, except when referring to package/code names, in which case use lowercase and double backticks.","Capitalize proper nouns, but write package and code names lowercase in double backticks.",must,docs,Documentation and docstrings,"The exception is written into the rule and is exact, not discretionary.",none
ASTROPY-C153,https://docs.astropy.org/en/latest/development/style-guide.html | Capitalization,"Astropy capitalized refers to The Astropy Project, while ``astropy`` lowercase and in backticks refers to the core package.",Write ``astropy`` lowercase in double backticks when you mean the core package and Astropy capitalized when you mean the Project.,must,docs,Documentation and docstrings,The three worked examples all follow this split.,none
ASTROPY-C154,https://docs.astropy.org/en/latest/development/style-guide.html | Capitalization,"In Documentation materials, title case capitalization is preferred in headings, meaning capitalize first, last, and all major words in the heading, but lowercase articles (the, a, an), prepositions (at, to, up, down, with, in, etc.), and common coordinating conjunctions (and, but, for, or).",Use title case in documentation headings.,maybe,docs,Documentation and docstrings,"""Sentence case capitalization is acceptable for longer example headings."" - the same paragraph sanctions the deviation.",none
ASTROPY-C155,https://docs.astropy.org/en/latest/development/style-guide.html | Capitalization,"In Tutorials and other learning materials, title case capitalization is preferred in headings of structured introductory/template sections, but within the tutorial, sentence case [...] is acceptable for longer headings",Use title case for a tutorial's template headings and sentence case for its longer section headings.,maybe,docs,Documentation and docstrings,"Applies to Tutorials and learning materials, which live in the astropy-tutorials repository rather than this one.","Applies only to tutorial material, which the astropy core repository does not contain."
ASTROPY-C156,https://docs.astropy.org/en/latest/development/style-guide.html | Contractions,Do not use contractions in formal documentation material.,Do not use contractions in documentation.,prohibited,docs,Documentation and docstrings,"""In all other materials, avoid use of contractions only when the tense can be confused"" - the prohibition is absolute for Documentation, relaxed elsewhere. The Voice and Tone section repeats it for Documentation.",none
ASTROPY-C157,https://docs.astropy.org/en/latest/development/style-guide.html | Contractions,"In all other materials, avoid use of contractions only when the tense can be confused, such as in the case of “she is gone” versus “she has gone,” etc.",Avoid contractions outside formal documentation only where the tense would be ambiguous.,maybe,docs,Documentation and docstrings,Explicitly the relaxed branch of the contraction rule for tutorials and guides.,Applies only to tutorial and guide material.
ASTROPY-C158,https://docs.astropy.org/en/latest/development/style-guide.html | Hyphenation,Phrasal adjectives/compound modifiers placed before a noun should be hyphenated to avoid confusion.,Hyphenate a compound modifier that precedes its noun.,must,docs,Documentation and docstrings,"""Hyphens (-) should be used for phrasal adjectives and compound words"" in the Punctuation section restates it.",none
ASTROPY-C159,https://docs.astropy.org/en/latest/development/style-guide.html | Hyphenation,"Hyphenated compound words should contain hyphens in plain text, but no hyphens in code.",Hyphenate a compound word in prose but not inside code.,must,docs,Documentation and docstrings,"The single example is ""Do not forget to double-check your formatting.""",none
ASTROPY-C160,https://docs.astropy.org/en/latest/development/style-guide.html | Numbers,"For numbers followed by a unit or as part of a name, use the numeral.",Write a number as a numeral when it is followed by a unit or is part of a name.,must,docs,Documentation and docstrings,"Examples: ""1 arcminute"", ""32 degrees"", ""Gaia data release 2 catalog"".",none
ASTROPY-C161,https://docs.astropy.org/en/latest/development/style-guide.html | Numbers,"For all other whole numbers, follow Associated Press (AP) style: spell out numbers one through nine, and use numerals for 10 and higher, with numeral-word combinations for millions, billions, and trillions.",Spell out whole numbers one through nine and use numerals from 10 up.,must,docs,Documentation and docstrings,"""For casual expressions, spell out the number"" is the stated exception; ""Measuring astrometry for about 2 billion stars"" shows the numeral-word form.",none
ASTROPY-C162,https://docs.astropy.org/en/latest/development/style-guide.html | Numbers,"For casual expressions, spell out the number.",Spell out a number used in a casual expression.,maybe,docs,Documentation and docstrings,"The single example is ""A picture is worth a thousand words.""",none
ASTROPY-C163,https://docs.astropy.org/en/latest/development/style-guide.html | Punctuation,"For consistency across Astropy materials, non-U.S. punctuation will be edited to reflect American punctuation preferences.",Use American punctuation conventions.,must,docs,Documentation and docstrings,"The umbrella statement for the parentheses, quotation-mark and dash bullets that follow it.",Same obligation as the specific punctuation rules in this section.
ASTROPY-C164,https://docs.astropy.org/en/latest/development/style-guide.html | Punctuation,"**Parentheses**: punctuation belonging to parenthetical material will be placed inside of closing parentheses, with the exception of commas to denote a small pause coming after parenthetical material, and periods when parenthetical material is included within another sentence.",Place punctuation belonging to parenthetical material inside the closing parenthesis.,must,docs,Documentation and docstrings,Both exceptions are written into the rule and are exact.,none
ASTROPY-C165,https://docs.astropy.org/en/latest/development/style-guide.html | Punctuation,"**Quotation marks**: periods and commas will be placed inside of closing quotation marks, whether double or single.",Put periods and commas inside closing quotation marks.,must,docs,Documentation and docstrings,"""whether double or single"" closes the only ambiguity.",none
ASTROPY-C166,https://docs.astropy.org/en/latest/development/style-guide.html | Punctuation,"En dashes (– longer) should be used for number ranges (dates, times, pages) or to replace the words “to” or “through,” without spaces around the dash.",Use an unspaced en dash for number ranges and in place of “to” or “through”.,must,docs,Documentation and docstrings,"""See chapters 14–18."" and ""We have blocked off March 2019–May 2019"".",none
ASTROPY-C167,https://docs.astropy.org/en/latest/development/style-guide.html | Punctuation,"Em dashes (— longest) can be used in place of commas, parentheses, or colons to set off amplifying or explanatory elements. In Astropy materials, follow Associated Press (AP) style, which calls for spaces on either side of each em dash.",Put a space on either side of an em dash.,must,docs,Documentation and docstrings,"The use of an em dash at all is permissive (""can be used""); the spacing, once used, is fixed by AP style.",Fires only if the text uses an em dash.
ASTROPY-C168,https://docs.astropy.org/en/latest/development/style-guide.html | Spelling,"For consistency across Astropy materials, non-U.S. spelling will be edited to reflect American spelling preferences.",Use American spelling.,must,docs,Documentation and docstrings,"""Cross-matching catalog coordinates (versus catalogue)"". The codespell pre-commit hook runs with ``--write-changes``.",none
ASTROPY-C169,https://docs.astropy.org/en/latest/development/style-guide.html | Time and Date,Use numerals when exact times are expressed. Use the 24-hour system to express exact times.,Express exact times as numerals in the 24-hour system.,must,docs,Documentation and docstrings,"""all instances of exact times will be edited to reflect 24-hour time system preferences."" Example: ""The presentation starts at 15:00.""",Fires only if the text states an exact time.
ASTROPY-C170,https://docs.astropy.org/en/latest/development/style-guide.html | Time and Date,"Express specific dates as numerals in ISO 8601 format, year-month-day.",Write specific dates in ISO 8601 year-month-day form.,must,docs,Documentation and docstrings,"""Data from the Gaia mission was released on 2018-04-25.""",Fires only if the text states a specific date.
ASTROPY-C171,https://docs.astropy.org/en/latest/development/style-guide.html | A Note About Voice and Tone,Write in the present tense.,Write narrative documentation in the present tense.,must,docs,Documentation and docstrings,The two examples are both first-person plural present.,none
ASTROPY-C172,https://docs.astropy.org/en/latest/development/style-guide.html | A Note About Voice and Tone,Use the first-person inclusive plural.,Use the first-person inclusive plural (“we”) in narrative documentation.,must,docs,Documentation and docstrings,"""We did this the long way, but next we can try it the short way...""",none
ASTROPY-C173,https://docs.astropy.org/en/latest/development/style-guide.html | A Note About Voice and Tone,Use the generic pronoun “you” instead of “one.”,Use “you” rather than “one” as the generic pronoun.,must,docs,Documentation and docstrings,"Both tokens are named exactly. ""You can access any of the attributes on a frame by...""",none
ASTROPY-C174,https://docs.astropy.org/en/latest/development/style-guide.html | A Note About Voice and Tone,"Always avoid extraneous or belittling words such as “obviously,” “easily,” “simply,” “just,” or “straightforward.”","Do not use belittling words such as “obviously”, “easily”, “simply”, “just” or “straightforward”.",prohibited,docs,Documentation and docstrings,"""Always"" plus a closed list of the words meant.",none
ASTROPY-C175,https://docs.astropy.org/en/latest/development/style-guide.html | A Note About Voice and Tone,"Avoid extraneous phrases like, “we just have to do one more thing.”",Avoid extraneous filler phrases.,maybe,docs,Documentation and docstrings,"One example is given; no list of phrases exists, unlike the word list in the preceding sentence.",none
ASTROPY-C176,https://docs.astropy.org/en/latest/development/style-guide.html | A Note About Voice and Tone,"Avoid words or phrases that create worry in the mind of the reader. Instead, use positive language that establishes confidence in the skills being learned.",Avoid wording that creates worry in the reader.,maybe,docs,Documentation and docstrings,"Three examples of the preferred register are given (""As a best practice...""), but no list of the words to avoid.",none
ASTROPY-C177,https://docs.astropy.org/en/latest/development/style-guide.html | A Note About Voice and Tone,"use ""warning"" directives only to note limitations in the code, not implied limitations in the skills or knowledge of the reader.",Use ``.. warning::`` directives only for limitations in the code.,must,docs,Documentation and docstrings,Follows directly from the reader-confidence rule and names the directive exactly.,Fires only if the text adds a warning directive.
ASTROPY-C178,https://docs.astropy.org/en/latest/development/style-guide.html | Documentation vs. Tutorials vs. Guides > Tutorials,"Section headings should use the imperative mood to form a command or request (e.g., “Download the data”).",Write tutorial section headings in the imperative mood.,must,docs,Documentation and docstrings,Listed under Tutorials only; the Documentation and Guides subsections do not carry it.,"Applies only to tutorial material, which the astropy core repository does not contain."
ASTROPY-C179,https://docs.astropy.org/en/latest/development/style-guide.html | Formatting Guidelines,Section headings in reStructuredText files are created by underlining (and optionally overlining) the section title with a punctuation character the same length as the text.,Make a heading's underline (and overline) the same length as the heading text.,must,docs,Documentation and docstrings,The sphinx-lint pre-commit hook flags mismatched underlines.,none
ASTROPY-C180,https://docs.astropy.org/en/latest/development/style-guide.html | Formatting Guidelines,"here is a suggested convention to follow when formatting Astropy documentation files:

# with overline, for parts
* with overline, for chapters
=, for sections
-, for subsections
^, for subsubsections
"", for paragraphs",Use the documented punctuation characters for each reStructuredText heading level.,maybe,docs,Documentation and docstrings,"""Although there are no formally assigned characters to create heading level hierarchy, as the hierarchy rendering is determined from the succession of headings, here is a suggested convention"".",none
ASTROPY-C181,https://github.com/astropy/astropy/blob/main/CONTRIBUTING.md | Contributing Code and Documentation,All contributions must comply with our [AI policy](https://github.com/astropy/astropy-project/blob/main/policies/ai-policy.md).,Comply with the Astropy Project AI policy.,must,"PR,code",AI-assisted contribution policy,"Set in a `> [!Important]` callout, immediately under the invitation to contribute. The policy itself is a separate document.",Umbrella pointer; the AI policy page states the individual obligations.
ASTROPY-C182,"https://github.com/astropy/astropy/blob/main/CONTRIBUTING.md | How to Contribute, Best Practices","Once you open a pull request (which should be opened against the ``main`` branch, not against any of the other branches)",Open the pull request against the ``main`` branch.,must,PR,PR and release metadata,Parenthetical inside the sentence introducing the four required contents of a PR.,none
ASTROPY-C183,"https://github.com/astropy/astropy/blob/main/CONTRIBUTING.md | How to Contribute, Best Practices","**Code**: the code you are adding, which should follow our [coding guidelines](https://docs.astropy.org/en/latest/development/codeguide.html) as much as possible.",Follow the coding guidelines in the code you add.,maybe,code,Code and quality,"""as much as possible"" softens a pointer to codeguide, which states the rules unhedged.",Pointer to codeguide; same obligations.
ASTROPY-C184,"https://github.com/astropy/astropy/blob/main/CONTRIBUTING.md | How to Contribute, Best Practices","**Tests**: these are usually tests to ensure code that previously failed now works (regression tests), or tests that cover as much as possible of the new functionality to make sure it does not break in the future",Include regression tests or tests covering the new functionality.,must,test,Tests and test style,"""since we run these tests on many platforms/configurations"" - the stated reason for coverage of platform-dependent results.",Same obligation as the testguide Regression tests section and the development_details add-tests step.
ASTROPY-C185,"https://github.com/astropy/astropy/blob/main/CONTRIBUTING.md | How to Contribute, Best Practices","**Documentation**: if you are adding new functionality, be sure to include a description in the main documentation (in ``docs/``).",Describe new functionality in the narrative documentation under ``docs/``.,must,docs,Documentation and docstrings,"Unhedged, unlike development_details' ""If appropriate, as when you are adding a new feature, you should update"".",Applies only if the PR adds new functionality. Conflicting strengths with the development_details docs-update step.
ASTROPY-C186,"https://github.com/astropy/astropy/blob/main/CONTRIBUTING.md | How to Contribute, Best Practices","**Performance improvements**: if you are making changes that impact `astropy` performance, consider adding a performance benchmark in the [astropy-benchmarks](https://github.com/astropy/astropy-benchmarks) repository.",Add a performance benchmark to the astropy-benchmarks repository for a performance-affecting change.,maybe,test,Specialized changes,"""A maintainer will also be able to run comparative benchmarks using GitHub Actions on your changes"". The benchmark lives in a different repository.",Applies only if the change impacts performance.
ASTROPY-C187,"https://github.com/astropy/astropy/blob/main/CONTRIBUTING.md | How to Contribute, Best Practices",The PR needs to have the `benchmark` label to run the workflow.,Apply the ``benchmark`` label to a pull request that should run benchmarks.,must,PR,PR and release metadata,Labels are applied on the PR object; maintainers hold that permission for new contributors.,Applies only if the change impacts performance.
ASTROPY-C188,"https://github.com/astropy/astropy/blob/main/CONTRIBUTING.md | How to Contribute, Best Practices","**Changelog entry**: whether you are fixing a bug or adding new functionality, you should add a changelog fragment in the ``docs/changes/`` directory.",Add a changelog fragment for a bug fix or a new feature.,must,docs,PR and release metadata,"""You do not need to include a changelog entry for fixes to bugs introduced in the developer version [...] In general you do not need to include a changelog entry for minor documentation or test updates. Only user-visible changes (new features/API changes, fixed issues) need to be mentioned.""",Same obligation as the development_details Add a changelog entry section.
ASTROPY-C189,https://github.com/astropy/astropy/blob/main/CONTRIBUTING.md | Checklist for Contributed Code > Scientific Quality,Is the submission relevant to astronomy?,Keep the contribution relevant to astronomy.,must,code,Code and quality,"""Before being merged, a pull request for a new feature will be reviewed to see if it meets the following requirements."" Marked ""(when applicable)"".",Applies only to a new feature.
ASTROPY-C190,https://github.com/astropy/astropy/blob/main/CONTRIBUTING.md | Checklist for Contributed Code > Scientific Quality,Are references included to the origin source for the algorithm?,Cite the origin source of any algorithm you implement.,must,"docs,code",Documentation and docstrings,"A pre-merge review question, so a condition of acceptance. docguide asks for ""References to the original algorithms"" in the docstring.",Applies only if the PR implements a published algorithm.
ASTROPY-C191,https://github.com/astropy/astropy/blob/main/CONTRIBUTING.md | Checklist for Contributed Code > Scientific Quality,Does the code perform as expected?,Make the code perform as expected.,must,code,Code and quality,One of the pre-merge review questions; no criterion is given.,none
ASTROPY-C192,https://github.com/astropy/astropy/blob/main/CONTRIBUTING.md | Checklist for Contributed Code > Scientific Quality,Has the code been tested against previously existing implementations?,Test new scientific code against an existing implementation.,must,test,Tests and test style,"Marked ""(when applicable)"" at the section level.",Applies only if a previously existing implementation exists to compare against.
ASTROPY-C193,https://github.com/astropy/astropy/blob/main/CONTRIBUTING.md | Checklist for Contributed Code > Code Quality,Are the [coding guidelines](https://docs.astropy.org/en/latest/development/codeguide.html) followed?,Follow the coding guidelines.,must,code,Code and quality,A pre-merge review question pointing at codeguide.,Pointer to codeguide; same obligations.
ASTROPY-C194,https://github.com/astropy/astropy/blob/main/CONTRIBUTING.md | Checklist for Contributed Code > Code Quality,Is the code compatible with the supported versions of Python (see [pyproject.toml](https://github.com/astropy/astropy/blob/main/pyproject.toml))?,Keep the code compatible with the supported Python versions.,must,code,Code and quality,The same question codeguide answers with ``requires-python``.,Same obligation as the codeguide Python-version rule.
ASTROPY-C195,https://github.com/astropy/astropy/blob/main/CONTRIBUTING.md | Checklist for Contributed Code > Code Quality,Are there dependencies other than the run-time dependencies listed in pyproject.toml?,Do not introduce a dependency that is not declared in ``pyproject.toml``.,must,code,Code and quality,A pre-merge review question; the two sub-bullets ask whether the package still imports without C extensions and whether the extra dependency is handled.,none
ASTROPY-C196,https://github.com/astropy/astropy/blob/main/CONTRIBUTING.md | Checklist for Contributed Code > Code Quality,Is the package importable even if the C-extensions are not built?,Keep the package importable when the C extensions are not built.,must,code,Specialized changes,A sub-question of the dependency check; requires a build without extensions to answer.,none
ASTROPY-C197,https://github.com/astropy/astropy/blob/main/CONTRIBUTING.md | Checklist for Contributed Code > Code Quality,Are additional dependencies handled appropriately?,Handle additional dependencies appropriately.,must,code,Specialized changes,"""appropriately"" is unqualified here; codeguide gives the mechanics.",Applies only if the PR introduces an additional dependency.
ASTROPY-C198,https://github.com/astropy/astropy/blob/main/CONTRIBUTING.md | Checklist for Contributed Code > Code Quality,Do functions that require additional dependencies raise an `ImportError` if they are not present?,Make a function that needs an optional dependency raise ``ImportError`` when it is absent.,must,code,Specialized changes,The pre-merge form of the codeguide rule that the optional import must be a plain ``import`` statement.,Same obligation as the codeguide optional-import rule.
ASTROPY-C199,https://github.com/astropy/astropy/blob/main/CONTRIBUTING.md | Checklist for Contributed Code > Testing,Are the [testing guidelines](https://docs.astropy.org/en/latest/development/testguide.html) followed?,Follow the testing guidelines.,must,test,Tests and test style,A pre-merge review question pointing at testguide.,Pointer to testguide; same obligations.
ASTROPY-C200,https://github.com/astropy/astropy/blob/main/CONTRIBUTING.md | Checklist for Contributed Code > Testing,Are the inputs to the functions sufficiently tested?,Test the inputs of the functions you add.,must,test,Tests and test style,"""sufficiently"" is the only bound.",none
ASTROPY-C201,https://github.com/astropy/astropy/blob/main/CONTRIBUTING.md | Checklist for Contributed Code > Testing,Are there tests for any exceptions raised?,Add a test for every exception the new code raises.,must,test,Tests and test style,testguide gives the mechanism: the ``pytest.raises`` context manager with a ``match`` argument.,Applies only if the new code raises an exception.
ASTROPY-C202,https://github.com/astropy/astropy/blob/main/CONTRIBUTING.md | Checklist for Contributed Code > Testing,Are there tests for the expected performance?,Add tests for the expected performance.,must,test,Tests and test style,No performance criterion or harness is named here; the benchmark suite lives in another repository.,none
ASTROPY-C203,https://github.com/astropy/astropy/blob/main/CONTRIBUTING.md | Checklist for Contributed Code > Testing,Are the sources for the tests documented?,Document where the test data or expected values came from.,must,"test,docs",Tests and test style,Alongside the algorithm-reference question in Scientific Quality.,none
ASTROPY-C204,https://github.com/astropy/astropy/blob/main/CONTRIBUTING.md | Checklist for Contributed Code > Testing,Have tests that require an [optional dependency](https://docs.astropy.org/en/latest/development/testguide.html#tests-requiring-optional-dependencies) been marked as such?,Mark tests that require an optional dependency.,must,test,Tests and test style,The pre-merge form of the testguide skipif rule.,Same obligation as the testguide optional-dependency skip rule.
ASTROPY-C205,https://github.com/astropy/astropy/blob/main/CONTRIBUTING.md | Checklist for Contributed Code > Testing,Does ``tox -e test`` run without failures?,Make ``tox -e test`` run without failures.,must,test,Tests and test style,A pre-merge review question naming an exact command. testguide describes ``tox -e test`` as running the tests with the minimal set of dependencies.,none
ASTROPY-C206,https://github.com/astropy/astropy/blob/main/CONTRIBUTING.md | Checklist for Contributed Code > Documentation,"Is there a docstring in [numpydoc format](https://numpydoc.readthedocs.io/en/latest/format.html) in the function describing:
    * What the code does?
    * The format of the inputs of the function?
    * The format of the outputs of the function?
    * References to the original algorithms?
    * Any exceptions which are raised?
    * An example of running the code?","Document what the function does, its inputs, its outputs, its references, its exceptions and an example in its numpydoc docstring.",must,"docs,code",Documentation and docstrings,"A pre-merge review question; the six sub-bullets are the numpydoc sections the reviewer looks for, not six separate rules.",Extracted once as the conformance obligation rather than one row per docstring section.
ASTROPY-C207,https://github.com/astropy/astropy/blob/main/CONTRIBUTING.md | Checklist for Contributed Code > Documentation,Is there any information needed to be added to the docs to describe the function?,Add whatever narrative documentation the new function needs.,must,docs,Documentation and docstrings,"The pre-merge form of the ""include a description in the main documentation"" rule above.",Same obligation as the CONTRIBUTING.md Documentation bullet.
ASTROPY-C208,https://github.com/astropy/astropy/blob/main/CONTRIBUTING.md | Checklist for Contributed Code > Documentation,Does the documentation build without errors or warnings?,Make the documentation build without errors or warnings.,must,docs,Documentation and docstrings,"development_details states the same with the exact expected output: ""The last line should just state ``build succeeded``, and should not mention any warnings.""",Same obligation as the development_details docs-build step.
ASTROPY-C209,https://github.com/astropy/astropy/blob/main/CONTRIBUTING.md | Checklist for Contributed Code > License,Is the `astropy` license included at the top of the file?,Include the astropy license line at the top of the file.,must,code,Language and framework style,codeguide gives the exact line to use.,Same obligation as the codeguide license-header rule.
ASTROPY-C210,https://github.com/astropy/astropy/blob/main/CONTRIBUTING.md | Checklist for Contributed Code > License,Are there any conflicts with this code and existing codes?,Do not submit code that conflicts with the licences of existing code.,must,code,Code and quality,"Under the License heading, so read as a licensing conflict rather than a merge conflict.",none
ASTROPY-C211,https://github.com/astropy/astropy/blob/main/CONTRIBUTING.md | Checklist for Contributed Code > Astropy requirements,"Do all the GitHub Actions and CircleCI tests pass? If not, are they allowed to fail?",Get the GitHub Actions and CircleCI checks passing.,must,CI,PR and release metadata,"""If not, are they allowed to fail?"" - testguide notes GitHub Actions has no allowed-failure mechanism, so some jobs are labelled ""(Allowed Failure)"".",Same obligation as the quickstart green-CI tip.
ASTROPY-C212,https://github.com/astropy/astropy/blob/main/CONTRIBUTING.md | Checklist for Contributed Code > Astropy requirements,"If applicable, has an entry been added into the changelog?",Add the changelog entry where one applies.,must,docs,PR and release metadata,"The changelog obligation restated as a merge condition, which is what makes it a gate rather than a preference.",Same obligation as the development_details Add a changelog entry section.
ASTROPY-C213,https://github.com/astropy/astropy/blob/main/CONTRIBUTING.md | Checklist for Contributed Code > Astropy requirements,Can you check out the pull request and repeat the examples and tests?,Make the examples and tests in the pull request reproducible by a reviewer.,must,"test,PR",Tests and test style,"The last pre-merge question, aimed at the reviewer's ability to reproduce.",none
ASTROPY-C214,https://github.com/astropy/astropy/blob/main/CONTRIBUTING.md | Other Tips,"To prevent the automated tests from running, you can add ``[ci skip]`` to your commit message. This is useful if your PR is a work in progress (WIP) and you are not yet ready for the tests to run.",Add ``[ci skip]`` to the commit message to stop the automated tests running.,maybe,commit,Git and commit conventions,"""``[ci skip]`` and ``[skip ci]`` are the same and can be used interchangeably.""",Same obligation as the development_details [ci skip] rule.
ASTROPY-C215,https://github.com/astropy/astropy/blob/main/CONTRIBUTING.md | Other Tips,"If your commit makes substantial changes to the documentation but none of those changes include code snippets, then you can use ``[ci skip]``, which will skip all CI except RTD, where the documentation is built.",Use ``[ci skip]`` for a documentation commit that contains no code snippets.,maybe,commit,Git and commit conventions,The exception is stated: Read the Docs still builds. Purely permissive.,Applies only if the commit changes documentation without code snippets.
ASTROPY-C216,https://github.com/astropy/astropy/blob/main/CONTRIBUTING.md | Other Tips,"When contributing trivial documentation fixes (i.e., fixes to typos, spelling, grammar) that don't contain any special markup and are not associated with code changes, please include the string ``[ci skip]`` in your commit message.",Include ``[ci skip]`` in the commit message for a trivial documentation fix.,must,commit,Git and commit conventions,"Narrower and firmer than the two permissive [ci skip] statements above it: ""please include"", with the qualifying conditions spelled out.","Applies only if the commit is a typo, spelling or grammar fix with no special markup and no code change."
ASTROPY-C217,https://github.com/astropy/astropy/blob/main/CONTRIBUTING.md | Other Tips,"If you already made the commit without including this string, you can edit your existing commit message by running::

        $ git commit --amend",Amend the commit message with ``git commit --amend`` if you left out the directive.,maybe,commit,Git and commit conventions,Offered as the remedy for the [ci skip] rules above.,Fires only if the contributor already committed without the directive.
ASTROPY-C218,https://docs.astropy.org/en/latest/development/docguide.html | Astropy Documentation Guidelines,Documentation text should follow the :ref:`astropy-style-guide`.,Write documentation text in the house narrative style.,must,docs,Documentation and docstrings,"A pointer to style-guide, which states the individual prose rules.",Pointer to the narrative style guide; same obligations.
ASTROPY-C219,https://docs.astropy.org/en/latest/development/docguide.html | Astropy Documentation Guidelines,"Docstrings must be provided for all public classes, methods, and functions, and be written using the `numpydoc format <https://numpydoc.readthedocs.io/en/latest/format.html>`_.",Write docstrings in numpydoc format.,must,"docs,code",Documentation and docstrings,codeguide states the presence half of the same sentence; the CONTRIBUTING.md checklist restates the format as a merge condition.,External standard (numpydoc); one pointer rule.
ASTROPY-C220,https://docs.astropy.org/en/latest/development/docguide.html | Astropy Documentation Guidelines,"References in docstrings, **including internal Astropy links**, should use the `intersphinx format <https://www.sphinx-doc.org/en/master/usage/extensions/intersphinx.html>`_. For example a link to the Astropy section on unit equivalencies would be ``:ref:`astropy:unit_equivalencies```.","Write docstring cross-references in intersphinx form, including links within astropy.",must,"docs,code",Documentation and docstrings,"""When built in Astropy, links starting with 'astropy' resolve to the current build. In affiliated packages using the ``sphinx-astropy`` intersphinx mapping, the links resolve to the stable version of Astropy.""",none
ASTROPY-C221,https://docs.astropy.org/en/latest/development/docguide.html | Astropy Documentation Guidelines,"For linking to the development version, use direct URL linking.",Use a direct URL when linking to the development version of the documentation.,must,docs,Documentation and docstrings,"Stated as the exception to the intersphinx rule, because intersphinx resolves to the stable version in affiliated packages.",Applies only if the text links to the development documentation.
ASTROPY-C222,https://docs.astropy.org/en/latest/development/docguide.html | Astropy Documentation Guidelines,Examples and/or tutorials are strongly encouraged for typical use-cases of a particular module or class.,Add examples or tutorials for a module's typical use cases.,maybe,docs,Documentation and docstrings,"""strongly encouraged"", not required; codeguide asks for docstring examples ""whenever possible"".",none
ASTROPY-C223,https://docs.astropy.org/en/latest/development/docguide.html | Astropy Documentation Guidelines,Optional package dependencies should be documented where feasible.,Document a module's optional package dependencies.,maybe,docs,Specialized changes,"""where feasible"" sanctions omission. codeguide states the stronger form: additional dependencies ""must be noted in the package documentation"".",Applies only if the module has optional dependencies. Conflicting strengths with the codeguide dependency-documentation rule.
ASTROPY-C224,https://docs.astropy.org/en/latest/development/docguide.html | Astropy Documentation Guidelines,Configuration options using the :mod:`astropy.config` mechanisms must be explicitly mentioned in the documentation.,Document every configuration option added through ``astropy.config``.,must,"docs,code",Specialized changes,"codeguide requires the same item to ""supply a description sufficient for users to understand what the setting changes"".",Applies only if the PR adds a configuration option.
ASTROPY-C225,https://docs.astropy.org/en/latest/development/ccython.html | C or Cython Extensions,"Both Cython and C extension building can be customized using the ``get_extensions`` function of the ``setup_package.py`` file. If defined, this function must return a list of ``setuptools.Extension`` objects.",Make ``get_extensions`` in ``setup_package.py`` return a list of ``setuptools.Extension`` objects.,must,code,Specialized changes,"""The creation process is left to the subpackage designer, and can be customized however is relevant for the extensions in the subpackage.""",Applies only if the PR defines get_extensions in a setup_package.py.
ASTROPY-C226,https://docs.astropy.org/en/latest/development/ccython.html | C or Cython Extensions,"While C extensions must always be defined through the ``get_extensions`` mechanism, Cython files (ending in ``.pyx``) are automatically located by `extension-helpers` and loaded in separate extensions if they are not in ``get_extensions``.",Define every C extension through the ``get_extensions`` mechanism.,must,code,Specialized changes,"The contrast is explicit: Cython files are found automatically, C extensions are not. ""For Cython extensions located in this way, headers for numpy C functions are included in the build, but no other external headers are included.""",Applies only if the PR adds a C extension.
ASTROPY-C227,https://docs.astropy.org/en/latest/development/ccython.html | C or Cython Extensions,"If a ``setuptools.Extension`` object is provided for Cython source files using the ``get_extensions`` mechanism, it is very important that the ``.pyx`` files be given as the ``source``, rather than the ``.c`` files generated by Cython.","Give the ``.pyx`` files, not the generated ``.c`` files, as the source of a Cython extension.",must,code,Specialized changes,"Set in a .. note:: directive. codeguide states the repository half of the same rule: commit .pyx, not the generated .c.",Applies only if the PR declares a Cython extension through get_extensions.
ASTROPY-C228,https://docs.astropy.org/en/latest/development/ccython.html | Using Numpy C headers,"When doing this, you should use ``numpy.get_include()`` to specify the include directory to use",Locate the numpy C headers with ``numpy.get_include()``.,must,code,Specialized changes,"""If your C or Cython extensions uses `numpy` at the C level, you probably need access to the numpy C headers."" A worked example follows.",Applies only if the extension uses numpy at the C level.
ASTROPY-C229,https://docs.astropy.org/en/latest/development/ccython.html | Installing C header files,1) Create an ``include`` directory inside of your package for all of the header files.,Put a package's installable C header files in an ``include`` directory inside the package.,must,code,Specialized changes,"""If your C extension needs to be linked from other third-party C code, you probably want to install its header files along side the Python module.""",Applies only if the PR ships C header files for third-party linking.
ASTROPY-C230,https://docs.astropy.org/en/latest/development/ccython.html | Installing C header files,2) Use the ``[tool.setuptools.package_data]`` section in your ``pyproject.toml`` file to include those header files in the package.,Declare installable C header files in ``[tool.setuptools.package_data]`` in ``pyproject.toml``.,must,code,Specialized changes,"The worked example is `astropy.wcs`: ``""astropy.wcs"" = [""include/*/*.h""]``.",Applies only if the PR ships C header files for third-party linking.
ASTROPY-C231,https://docs.astropy.org/en/latest/development/ccython.html | Preventing importing at build time,It is important to make sure that ``setup_package.py`` files do not trigger an import of the package they are in - so they should be able to be executed without relying on imports to other parts of the package.,Keep ``setup_package.py`` free of imports from the package it belongs to.,must,code,Specialized changes,The whole section exists for this one obligation; the consequence is a build-time import failure.,Applies only if the PR adds or edits a setup_package.py.
ASTROPY-C232,https://docs.astropy.org/en/latest/development/scripts.html | Command-Line Scripts,Command-line scripts in Astropy should follow a consistent scheme to promote readability and compatibility.,Follow the standard scheme for command-line scripts.,must,code,Specialized changes,The umbrella statement for the three specific requirements that follow it on the same page.,Applies only if the PR adds a command-line script. Same obligation as the specific script rules below.
ASTROPY-C233,https://docs.astropy.org/en/latest/development/scripts.html | Command-Line Scripts,They should have a ``main`` function to parse the arguments and pass those arguments on to some library function so that the library function can be used programmatically when needed.,Give a command-line script a ``main`` function that parses arguments and delegates to a library function.,must,code,Specialized changes,The stated reason is that the library function stays usable programmatically. The example shows main() calling do_something().,Applies only if the PR adds a command-line script.
ASTROPY-C234,https://docs.astropy.org/en/latest/development/scripts.html | Command-Line Scripts,"The ``main`` function should accept an optional single argument that holds the ``sys.argv`` list, except for the script name (e.g., ``argv[1:]``).",Give ``main`` a single optional argument holding ``sys.argv[1:]``.,must,code,Specialized changes,The example signature is ``def main(args=None):``.,Applies only if the PR adds a command-line script.
ASTROPY-C235,https://docs.astropy.org/en/latest/development/scripts.html | Command-Line Scripts,It must then be added to the list of entry points in the ``setup.py`` file (see the example below).,Register the script as an entry point in the packaging configuration.,must,code,Specialized changes,"The prose says ``setup.py`` but the example on the same page says ""Then add the script to the ``pyproject.toml`` under this section:: [project.scripts]"". astropy has no setup.py; pyproject.toml is the live location.",Applies only if the PR adds a command-line script. Prose and example name different files.
ASTROPY-C236,https://docs.astropy.org/en/latest/development/scripts.html | Command-Line Scripts,"Command-line options can be parsed however desired, but the :mod:`argparse` module is recommended when possible, due to its simpler and more flexible interface relative to the older :mod:`optparse`.",Parse command-line options with ``argparse``.,maybe,code,Specialized changes,"""can be parsed however desired"" explicitly leaves the choice open before recommending argparse.",Applies only if the PR adds a command-line script.
ASTROPY-C237,https://github.com/astropy/astropy/blob/main/docs/changes/README.rst | Changelog,Make sure to use full sentences with correct case and punctuation.,Write changelog fragments as full sentences with correct case and punctuation.,must,docs,PR and release metadata,"""This directory contains 'news fragments' which are short files that contain a small **ReST**-formatted text that will be added to the next what's new page.""",none
ASTROPY-C238,https://github.com/astropy/astropy/blob/main/docs/changes/README.rst | Changelog,"Each file should be named like ``<PULL REQUEST>.<TYPE>.rst``, where ``<PULL REQUEST>`` is a pull request number, and ``<TYPE>`` is one of:

* ``feature``: New feature.
* ``api``: API change.
* ``bugfix``: Bug fix.
* ``perf``: Performance improvement (this should be significant enough to be measurable using the public API).
* ``other``: Other changes and additions.",Name each changelog fragment ``<PR number>.<type>.rst`` using one of the five published types.,must,docs,PR and release metadata,The .pre-commit-config.yaml `changelogs-rst` hook fails on any other name under docs/changes/<pkg>/.,Same obligation as the development_details fragment-naming rule.
ASTROPY-C239,https://github.com/astropy/astropy/blob/main/docs/changes/README.rst | Changelog,"If the change concerns a sub-package, the file should go in the sub-directory relative to this sub-package.",Put a sub-package's changelog fragment in that sub-package's directory under ``docs/changes/``.,must,docs,PR and release metadata,The pre-commit hook keys on the path ``^docs/changes/[\w\.]+/``.,Same obligation as the development_details fragment-location rule.
ASTROPY-C240,https://github.com/astropy/astropy/blob/main/docs/changes/README.rst | Changelog,Type ``other`` is not allowed in sub-directories.,Put ``other``-type changelog fragments only in the root ``docs/changes/`` directory.,prohibited,docs,PR and release metadata,"A second pre-commit hook, `changelogs-rst-other`, fails any non-``other`` file placed in the root directory, so the constraint runs both ways.",Applies only if the fragment is of type ``other``.
ASTROPY-C241,https://github.com/astropy/astropy/blob/main/docs/changes/README.rst | Changelog,Note the use of double-backticks for code.,Use double backticks around code in a changelog fragment.,must,docs,PR and release metadata,"Follows the worked ``123.feature.rst`` example, which uses them throughout.",Same obligation as the development_details changelog backtick rule.
ASTROPY-C242,https://github.com/astropy/astropy/blob/main/.github/PULL_REQUEST_TEMPLATE.md | Description,"<!-- Provide a general description of what your pull request does. Complete the following sentence and add relevant details as you see fit. -->

This pull request is to address ...",Complete the template's description sentence saying what the pull request addresses.,must,PR,PR and release metadata,"An HTML comment, invisible in the rendered PR; the prompt sentence ""This pull request is to address ..."" is left in the body for the author to finish.",Extracted from the raw file: the rendered GitHub view hides this instruction.
ASTROPY-C243,https://github.com/astropy/astropy/blob/main/.github/PULL_REQUEST_TEMPLATE.md | Description,<!-- In addition please ensure that the pull request title is descriptive and allows maintainers to infer the applicable subpackage(s). -->,Write a PR title that is descriptive and names the affected sub-package.,must,PR,PR and release metadata,HTML comment. The only statement anywhere in astropy's docs about the PR title's content.,Extracted from the raw file.
ASTROPY-C244,https://github.com/astropy/astropy/blob/main/.github/PULL_REQUEST_TEMPLATE.md | Fixes,"<!-- If the pull request closes any open issues you can add this. If you replace <Issue Number> with a number, GitHub will automatically link it. If this pull request is unrelated to any issues, please remove the following line. -->

Fixes #<Issue Number>","Replace the ``Fixes #<Issue Number>`` placeholder with the issue number, or delete the line.",must,PR,PR and release metadata,The consequence is stated: GitHub links and closes the issue. Leaving the literal placeholder in place is the failure mode the comment guards against.,Fires only if the PR relates to an open issue.
ASTROPY-C245,https://github.com/astropy/astropy/blob/main/.github/PULL_REQUEST_TEMPLATE.md | Opt-out checkbox,"- [ ] By checking this box, the PR author has requested that maintainers do **NOT** use the ""Squash and Merge"" button.",Tick the opt-out box to ask maintainers not to squash-merge the pull request.,maybe,PR,PR and release metadata,"""Maintainers should respect this when possible; however, the final decision is at the discretion of the maintainer that merges the PR."" Preceded by the comment ""<!-- Optional opt-out -->"".",Fires only if the author wants to prevent a squash merge.
ASTROPY-C246,https://github.com/astropy/astropy/blob/main/.github/PULL_REQUEST_TEMPLATE.md | Header comments,<!-- Please just have a quick search on GitHub to see if a similar pull request has already been posted. We have old closed pull requests that might provide useful code or ideas that directly tie in with your pull request. -->,Search GitHub for a similar pull request before opening one.,maybe,PR,PR and release metadata,HTML comment addressed to the author before submission.,Extracted from the raw file.
ASTROPY-C247,https://github.com/astropy/astropy/blob/main/.github/PULL_REQUEST_TEMPLATE.md | Header comments,"<!-- Please be sure to check out our contributing guidelines, https://github.com/astropy/astropy/blob/main/CONTRIBUTING.md . Please be sure to check out our code of conduct, https://github.com/astropy/astropy/blob/main/CODE_OF_CONDUCT.md . -->",Read the contributing guidelines and the code of conduct before opening a pull request.,must,PR,PR and release metadata,HTML comment; a pointer to two documents rather than an obligation on the change.,"Pointer to CONTRIBUTING.md, whose obligations are extracted separately."
ASTROPY-C248,https://github.com/astropy/astropy-project/blob/main/policies/ai-policy.md | Human ownership and accountability,"Contributors are responsible for all submitted content, regardless of whether generative AI tools were used.","Take responsibility for all content you submit, whether or not you used generative AI.",must,"PR,code",AI-assisted contribution policy,"""the use of such tools does not change our expectations for contributor responsibility, engagement, or code quality. The following apply to all contributions.""",none
ASTROPY-C249,https://github.com/astropy/astropy-project/blob/main/policies/ai-policy.md | Human ownership and accountability,Contributors must be able to explain all changes during review.,Be able to explain every change during review.,must,PR,AI-assisted contribution policy,"Read with the Authentic engagement clause: the explanation has to come from the contributor, not from a tool.",none
ASTROPY-C250,https://github.com/astropy/astropy-project/blob/main/policies/ai-policy.md | Human ownership and accountability,"**Licensing:** Contributors are responsible for ensuring all submitted code complies with Astropy's licensing, regardless of whether generative AI tools were used.",Ensure submitted code complies with astropy's licensing.,must,code,AI-assisted contribution policy,"CONTRIBUTING.md's checklist asks the same under License: ""Are there any conflicts with this code and existing codes?""",none
ASTROPY-C251,https://github.com/astropy/astropy-project/blob/main/policies/ai-policy.md | Disclosure,"If generative AI tools were used for substantive portions of the contribution, contributors must describe their use in the change description.",Describe your use of generative AI in the change description when it wrote substantive portions of the contribution.,must,"PR,commit",AI-assisted contribution policy,"""This also helps downstream citations comply with academic policies that may require disclosure of genAI usage.""",Applies only if generative AI wrote substantive portions - a fact the trajectory itself settles.
ASTROPY-C252,https://github.com/astropy/astropy-project/blob/main/policies/ai-policy.md | Authentic engagement,Contributors are expected to actively engage with reviewer feedback themselves.,Engage with reviewer feedback yourself.,must,PR,AI-assisted contribution policy,"""The pull request process is collaborative and iterative.""",none
ASTROPY-C253,https://github.com/astropy/astropy-project/blob/main/policies/ai-policy.md | Authentic engagement,"Copying and pasting replies to / from a generative AI tool does not count as engaging with the reviewer; contributors are expected to understand the changes they are proposing, not act as message courier for a third party.",Do not answer review comments by relaying text to or from a generative AI tool.,prohibited,PR,AI-assisted contribution policy,"The sharper form of the engagement rule, naming the specific disallowed behaviour.",none
ASTROPY-C254,https://github.com/astropy/astropy-project/blob/main/policies/ai-policy.md | Authentic engagement,"Autonomous workflows (""agents"") are not human contributors. Astropy reviewers expect to interact with the human controlling the account, or we will close the PR.",Do not submit a contribution through an autonomous agent acting without a human contributor.,prohibited,"PR,workflow",AI-assisted contribution policy,Set in a `> [!IMPORTANT]` callout. The consequence is stated outright: the PR is closed.,none
ASTROPY-C255,https://github.com/astropy/astropy-project/blob/main/policies/ai-policy.md | Consistency with Astropy conventions and existing style,"In the context of Generative AI, this particularly means conveying information (comments, documentation, etc) in a style the Astropy community uses, and that is appropriate and to the point.",Write comments and documentation in the style the astropy community uses.,must,"docs,code",AI-assisted contribution policy,"The heading itself is the rule: ""Consistency with Astropy conventions and existing style"". No list of conventions is given here; the style guide is not cross-referenced.",none
