ID,Source,Original text,Atomic rule,Naive strength,Applies to,Shared Category,Section context,Notes
MATPLOTLIB-C001,https://matplotlib.org/devdocs/devel/document.html | Write documentation (page preamble),"Don't directly edit the ``.rst`` files in :file:`doc/plot_types`, :file:`doc/gallery`, :file:`doc/tutorials`, :file:`doc/users/explain` and :file:`doc/api` (except :file:`doc/api/api_changes/`). Sphinx regenerates files in these directories when building documentation.","Do not edit .rst files under doc/plot_types, doc/gallery, doc/tutorials, doc/users/explain or doc/api, except doc/api/api_changes/.",prohibited,docs,Documentation and docstrings,"The same admonition states the reason: Sphinx regenerates these directories on every build, so an edit there is silently discarded.",Named exception for doc/api/api_changes/ is part of the rule.
MATPLOTLIB-C002,https://matplotlib.org/devdocs/devel/document.html | reStructuredText pages > Formatting and style conventions > Section formatting,"Use `sentence case <https://apastyle.apa.org/style-grammar-guidelines/capitalization/sentence-case>`__ ``Upper lower`` for section titles, e.g., ``Possible hangups`` rather than ``Possible Hangups``.",Write section titles in sentence case.,must,docs,Documentation and docstrings,The section gives a worked contrast pair rather than an exemption; nothing on the page sanctions title case.,Restated for headings on the documentation style guide.
MATPLOTLIB-C003,https://matplotlib.org/devdocs/devel/document.html | reStructuredText pages > Formatting and style conventions > Section formatting,"We aim to follow the recommendations from the Python documentation and the Sphinx reStructuredText documentation for section markup characters, i.e.: ``#`` with overline, for parts... ``*`` with overline, for chapters; ``=``, for sections; ``-``, for subsections; ``^``, for subsubsections; ``""``, for paragraphs.","Use the listed reST markup characters for each heading level: * for chapters, = for sections, - for subsections, ^ for subsubsections, and "" for paragraphs.",maybe,docs,Documentation and docstrings,"""This may not yet be applied consistently in existing docs."" - an observation about legacy pages, not permission to deviate in new work.",The six-character hierarchy is an exact published ordering.
MATPLOTLIB-C004,https://matplotlib.org/devdocs/devel/document.html | reStructuredText pages > Formatting and style conventions > Section formatting,"``#`` with overline, for parts. This is reserved for the main title in ``index.rst``. All other pages should start with ""chapter"" or lower.",Reserve the # overline markup for the main title in index.rst and start every other page at chapter level or lower.,must,docs,Documentation and docstrings,Stated as a reservation with no exception offered anywhere in the section.,Applies only to new or restructured .rst pages.
MATPLOTLIB-C005,https://matplotlib.org/devdocs/devel/document.html | reStructuredText pages > Formatting and style conventions > Table formatting,"Given the size of the table and length of each entry, use: [short entry/small table] simple or grid table; [short entry/large table] grid table; [long entry/small table] list table; [long entry/large table] csv table.",Choose the reST table flavour that matches the table's size and entry length.,maybe,docs,Documentation and docstrings,The matrix gives no threshold at which a table becomes 'large' or an entry becomes 'long'.,"Cross-reference: the documentation style guide bans csv-table outright, which conflicts with this cell."
MATPLOTLIB-C006,https://matplotlib.org/devdocs/devel/document.html | reStructuredText pages > Formatting and style conventions > Function arguments,Function arguments and keywords within docstrings should be referred to using the ``*emphasis*`` role. This will keep Matplotlib's documentation consistent with Python's documentation.,Refer to function arguments and keywords with the *emphasis* role.,must,docs,Documentation and docstrings,The stated purpose is consistency with Python's own documentation; the section offers no alternative role.,Restated verbatim under API documentation > Formatting conventions.
MATPLOTLIB-C007,https://matplotlib.org/devdocs/devel/document.html | reStructuredText pages > Formatting and style conventions > Function arguments,"Do not use the ```default role```: Do not describe `argument` like this. As per the next section, this syntax will (unsuccessfully) attempt to resolve the argument as a link to a class or method in the library.",Do not use the default role to mark up a function argument.,prohibited,docs,Documentation and docstrings,"The section states the consequence: default_role = 'obj', so the argument name is resolved as a code link and the reference fails.",
MATPLOTLIB-C008,https://matplotlib.org/devdocs/devel/document.html | reStructuredText pages > Formatting and style conventions > Function arguments,nor the ````literal```` role: Do not describe ``argument`` like this.,Do not use the literal role to mark up a function argument.,prohibited,docs,Documentation and docstrings,"Stated in the same breath as the default-role prohibition, with the emphasis role given as the single alternative.",
MATPLOTLIB-C009,https://matplotlib.org/devdocs/devel/document.html | reStructuredText pages > Mathematical expressions,**Inline math:** Use the ``:math:`` role,Mark up inline mathematics with the :math: role.,must,docs,Documentation and docstrings,"""Use sphinx's built in math support"" heads the list; the mathmpl extension is offered only for the rare case of matching figure rendering exactly.",
MATPLOTLIB-C010,https://matplotlib.org/devdocs/devel/document.html | reStructuredText pages > Mathematical expressions,**Math blocks:** Use the ``.. math::`` directive,Mark up displayed mathematics with the .. math:: directive.,must,docs,Documentation and docstrings,"Same list as the inline-math rule; the alternative offered is the mathmpl extension, and only where html and figure rendering must match.",
MATPLOTLIB-C011,https://matplotlib.org/devdocs/devel/document.html | reStructuredText pages > Cross-references > Link to pages,"To cross-link to another page, use the ``:doc:`` role.",Use the :doc: role to link to another documentation page.,must,docs,Documentation and docstrings,"The cross-reference table on the same page assigns :doc: to pages and :ref: to sections, so the two roles are not interchangeable.",
MATPLOTLIB-C012,https://matplotlib.org/devdocs/devel/document.html | reStructuredText pages > Cross-references > Link to pages,"We generally prefer absolute paths, starting with ``/`` as the :file:`doc` root directory.",Write :doc: targets as absolute paths from the doc root.,maybe,docs,Documentation and docstrings,"""generally prefer"" is the whole of the instruction; relative :doc: targets are not said to be wrong.",
MATPLOTLIB-C013,https://matplotlib.org/devdocs/devel/document.html | reStructuredText pages > Cross-references > Link to sections,"Use hyphen-separated, descriptive names for reference labels.",Name reference labels with hyphen-separated descriptive words.,must,docs,Documentation and docstrings,"Every label quoted on the page follows the form, e.g. ``.. _pr-author-guidelines:``.",
MATPLOTLIB-C014,https://matplotlib.org/devdocs/devel/document.html | reStructuredText pages > Cross-references > Link to sections,Do not encode the documentation hierarchy in the label as that may change; e.g. do not prefix all *User guide* labels with ``user-``.,Do not encode the documentation hierarchy in a reference label.,prohibited,docs,Documentation and docstrings,The reason is given inline - the hierarchy may change - and a worked counter-example names the banned ``user-`` prefix.,
MATPLOTLIB-C015,https://matplotlib.org/devdocs/devel/document.html | reStructuredText pages > Cross-references > Link to sections,"To cross-link a specific section, add a reference label ``.. _label-name:`` before the section and then link to with ``:ref:`label-name```",Place a reference label immediately before a section and link to it with the :ref: role.,must,docs,Documentation and docstrings,The page's cross-reference table assigns :ref: to anchors associated with a heading; there is no other mechanism offered.,
MATPLOTLIB-C016,https://matplotlib.org/devdocs/devel/document.html | reStructuredText pages > Refer to other code,"To link to other methods, classes, or modules in Matplotlib you can use back ticks, for example: `matplotlib.collections.LineCollection`","Link to Matplotlib methods, classes and modules with back ticks.",must,docs,Documentation and docstrings,"""We use the sphinx setting ``default_role = 'obj'`` so that you don't have to use qualifiers like ``:class:``, ``:func:``, ``:meth:``"" - back ticks alone are the configured mechanism.",
MATPLOTLIB-C017,https://matplotlib.org/devdocs/devel/document.html | reStructuredText pages > Refer to other code,Note that you should typically include the leading dot. It tells Sphinx to look for the given name in the whole project.,Prefix an abbreviated code reference with a leading dot.,maybe,docs,Documentation and docstrings,"""typically"" is the section's own hedge, and the fully-qualified form shown just above is a working alternative.",
MATPLOTLIB-C018,https://matplotlib.org/devdocs/devel/document.html | reStructuredText pages > Refer to other code,"If there are multiple code elements with the same name (e.g. ``plot()`` is a method in multiple classes), you'll have to extend the definition: `.pyplot.plot` or `.Axes.plot`",Qualify an abbreviated reference far enough to disambiguate it when several code elements share the name.,must,docs,Documentation and docstrings,"""you'll have to"" - the section presents this as forced by Sphinx, not as a preference; an ambiguous target does not resolve.",Applies only where the referenced name exists on more than one class or module.
MATPLOTLIB-C019,https://matplotlib.org/devdocs/devel/document.html | reStructuredText pages > Include figures and files,"The examples directory is copied to :file:`doc/gallery` by sphinx-gallery, so plots from the examples directory can be included using ``.. plot:: gallery/lines_bars_and_markers/simple_plot.py``. Note that the python script that generates the plot is referred to, rather than any plot that is created.","Point a .. plot:: directive at the Python script that generates the figure, not at a generated image.",must,docs,Documentation and docstrings,"""Sphinx-gallery will provide the correct reference when the documentation is built"" - the build supplies the image, so naming an image file is simply wrong.",
MATPLOTLIB-C020,https://matplotlib.org/devdocs/devel/document.html | reStructuredText pages > Move documentation,"Instead, replace the old page with an html refresh that immediately redirects the viewer to the new page... in ``/doc/topic/new_info.rst`` we insert a ``redirect-from`` directive","When moving or consolidating a page, add a redirect-from directive to the new page instead of leaving the old URL dead.",must,docs,Documentation and docstrings,"""With no action this will lead to links either going dead (404) or pointing to old versions of the documentation."" - the consequence is stated.","Applies only if the change moves, renames or consolidates a documentation page."
MATPLOTLIB-C021,https://matplotlib.org/devdocs/devel/document.html | reStructuredText pages > Move documentation,"Use the full path for this directive, relative to the doc root at ``https://matplotlib.org/stable/``... For clarity, do not use relative links.","Write a redirect-from path as a full path from the doc root, never as a relative link.",must,docs,Documentation and docstrings,The worked examples show both the same-directory and cross-directory cases resolving from the doc root; nothing on the page permits a relative form.,Applies only where a redirect-from directive is being added.
MATPLOTLIB-C022,https://matplotlib.org/devdocs/devel/document.html | reStructuredText pages > Move documentation,in ``/doc/topic/new_info.rst`` we insert a ``redirect-from`` directive that tells sphinx to still make the old file with the html refresh/redirect in it (probably near the top of the file to make it noticeable),Put the redirect-from directive near the top of the new page.,maybe,docs,Documentation and docstrings,"The placement is parenthesised and hedged with ""probably""; the directive works anywhere in the file.",
MATPLOTLIB-C023,https://matplotlib.org/devdocs/devel/document.html | API documentation,All docstrings should conform to the `numpydoc docstring guide`_.,Write docstrings that conform to the numpydoc docstring guide.,must,docs,Documentation and docstrings,"""Some parts of the documentation do not yet conform to the current documentation style. If in doubt, follow the rules given here and not what you may see in the source code.""",Single pointer rule for the external numpydoc standard; matplotlib's own amendments are extracted separately.
MATPLOTLIB-C024,https://matplotlib.org/devdocs/devel/document.html | API documentation,"Some parts of the documentation do not yet conform to the current documentation style. If in doubt, follow the rules given here and not what you may see in the source code.",Follow the documented docstring rules rather than the style of surrounding source code.,must,docs,Documentation and docstrings,"The note invites docstring-modernising PRs, so surrounding non-conforming code is explicitly not a precedent.",Reading rule for every other docstring rule on this page.
MATPLOTLIB-C025,https://matplotlib.org/devdocs/devel/document.html | API documentation,The pages in :file:`doc/api` are purely technical definitions of layout; therefore new API reference documentation should be added to the module docstrings.,"Put new API reference documentation in the module docstring, not in a doc/api page.",must,docs,Documentation and docstrings,"""This placement keeps all API reference documentation about a module in the same file"" - and the preamble already forbids editing generated doc/api pages.",Applies only when adding new API reference documentation.
MATPLOTLIB-C026,https://matplotlib.org/devdocs/devel/document.html | API documentation > Formatting conventions > Quote positions,The quotes for single line docstrings are on the same line (pydocstyle D200),Put the opening and closing quotes of a single-line docstring on the same line as its text.,must,code,Documentation and docstrings,"Cites the pydocstyle rule code D200, an external check with a single passing form.",
MATPLOTLIB-C027,https://matplotlib.org/devdocs/devel/document.html | API documentation > Formatting conventions > Quote positions,The quotes for multi-line docstrings are on separate lines (pydocstyle D213),Put the opening and closing quotes of a multi-line docstring on their own lines.,must,code,Documentation and docstrings,"Cites pydocstyle D213, which is the counterpart of D200 and admits one form.",
MATPLOTLIB-C028,https://matplotlib.org/devdocs/devel/document.html | API documentation > Formatting conventions > Function arguments,Function arguments and keywords within docstrings should be referred to using the ``*emphasis*`` role... Do not use the ```default role``` or the ````literal```` role: Neither `argument` nor ``argument`` should be used.,"Mark up function arguments in docstrings with *emphasis*, not the default or literal role.",must,code,Documentation and docstrings,"Identical instruction to the reStructuredText pages section earlier on the same page, restated for docstrings.",Restatement of the three reST-pages function-argument rules.
MATPLOTLIB-C029,https://matplotlib.org/devdocs/devel/document.html | API documentation > Formatting conventions > Quotes for strings,Use simple single or double quotes when giving string values... No ``'extra'`` literal quotes. The use of extra literal quotes around the text is discouraged.,Give string values with plain quotes and no surrounding literal role.,maybe,code,Documentation and docstrings,"""While they slightly improve the rendered docs, they are cumbersome to type and difficult to read in plain-text docs."" The section also states matplotlib has no single-vs-double-quote convention.",
MATPLOTLIB-C030,https://matplotlib.org/devdocs/devel/document.html | API documentation > Formatting conventions > Parameter type descriptions,"We do not use formal type annotation syntax for type descriptions in docstrings; e.g. we use ``list of str`` rather than ``list[str]``; we use ``int or str`` rather than ``int | str`` or ``Union[int, str]``.",Do not use formal type-annotation syntax in a docstring type description.,prohibited,code,Documentation and docstrings,"""The main goal for parameter type descriptions is to be readable and understandable by humans."" Three banned forms are named explicitly.",
MATPLOTLIB-C031,https://matplotlib.org/devdocs/devel/document.html | API documentation > Formatting conventions > Parameter type descriptions,Use ``float`` for a type that can be any number.,Describe a parameter that accepts any number as ``float``.,must,code,Documentation and docstrings,"""Generally, the numpydoc docstring guide conventions apply. The following rules expand on them where the numpydoc conventions are not specific.""",
MATPLOTLIB-C032,https://matplotlib.org/devdocs/devel/document.html | API documentation > Formatting conventions > Parameter type descriptions,"Use ``(float, float)`` to describe a 2D position. The parentheses should be included to make the tuple-ness more obvious.","Describe a 2D position as ``(float, float)``, parentheses included.",must,code,Documentation and docstrings,The reason for the parentheses is given inline; no alternative spelling is offered.,
MATPLOTLIB-C033,https://matplotlib.org/devdocs/devel/document.html | API documentation > Formatting conventions > Parameter type descriptions,"Use ``array-like`` for homogeneous numeric sequences, which could typically be a numpy.array. Dimensionality may be specified using ``2D``, ``3D``, ``n-dimensional``.",Describe a homogeneous numeric sequence parameter as ``array-like``.,must,code,Documentation and docstrings,"The section then lists the accepted spellings: ``2D array-like``, ``(N,) array-like``, ``(M, N) array-like``, ``(M, N, 3) array-like``.",
MATPLOTLIB-C034,https://matplotlib.org/devdocs/devel/document.html | API documentation > Formatting conventions > Parameter type descriptions,Use ``array`` instead of ``array-like`` for return types if the returned object is indeed a numpy array.,"Describe a return value that really is a numpy array as ``array``, not ``array-like``.",must,code,Documentation and docstrings,Stated as the exception to the ``array-like`` rule immediately above it.,Applies only to return-type descriptions.
MATPLOTLIB-C035,https://matplotlib.org/devdocs/devel/document.html | API documentation > Formatting conventions > Parameter type descriptions,``float`` is the implicit default dtype for array-likes. For other dtypes use ``array-like of int``.,Spell out a non-float dtype as ``array-like of <dtype>``.,must,code,Documentation and docstrings,The default is stated so that omitting the dtype is itself meaningful; only non-float dtypes need naming.,
MATPLOTLIB-C036,https://matplotlib.org/devdocs/devel/document.html | API documentation > Formatting conventions > Parameter type descriptions,"Non-numeric homogeneous sequences are described as lists, e.g.:: list of str; list of `.Artist`",Describe a non-numeric homogeneous sequence as ``list of <type>``.,must,code,Documentation and docstrings,Contrasted directly against the ``array-like`` form used for numeric sequences.,
MATPLOTLIB-C037,https://matplotlib.org/devdocs/devel/document.html | API documentation > Formatting conventions > Reference types,Use full references ```~matplotlib.colors.Normalize``` with an abbreviation tilde in parameter types.,Write parameter types as full references with a leading tilde.,must,code,Documentation and docstrings,"""While the full name helps the reader of plain text docstrings, the HTML does not need to show the full name as it links to it.""",
MATPLOTLIB-C038,https://matplotlib.org/devdocs/devel/document.html | API documentation > Formatting conventions > Reference types,Use abbreviated links ```.Normalize``` in the text.,Write in-text references to code in the abbreviated dotted form.,must,code,Documentation and docstrings,Paired with the parameter-type rule above it; the worked example shows both forms in one docstring.,
MATPLOTLIB-C039,https://matplotlib.org/devdocs/devel/document.html | API documentation > Formatting conventions > Default values,"use ``{name} : {type}, default: {val}`` when possible. use ``{name} : {type}, optional`` and describe the default in the text if it cannot be explained sufficiently in the recommended manner.","Document a simple default with ``{name} : {type}, default: {val}``.",must,code,Documentation and docstrings,The fallback form is written into the rule itself and is bounded - only where the default cannot be stated in the recommended manner.,
MATPLOTLIB-C040,https://matplotlib.org/devdocs/devel/document.html | API documentation > Formatting conventions > Default values,"The default value should provide semantic information targeted at a human reader. In simple cases, it restates the value in the function signature. If applicable, units should be added.","Write the documented default so it carries semantic information, including units where applicable.",maybe,code,Documentation and docstrings,The worked pair (``default: 1000ms`` over ``default: 1000``) illustrates it but no rule states when units are applicable.,
MATPLOTLIB-C041,https://matplotlib.org/devdocs/devel/document.html | API documentation > Formatting conventions > Default values,"If *None* is only used as a sentinel value for ""parameter not specified"", do not document it as the default. Depending on the context, give the actual default, or mark the parameter as optional if not specifying has no particular effect.",Do not document None as a default when it is only a not-specified sentinel.,prohibited,code,Documentation and docstrings,"Both replacement forms are written into the rule, with worked prefer/over pairs for each.",
MATPLOTLIB-C042,https://matplotlib.org/devdocs/devel/document.html | API documentation > Formatting conventions > Wrap parameter lists,Long parameter lists should be wrapped using a ``\`` for continuation and starting on the new line without any indent,Wrap a long parameter list with a backslash continuation and no indent on the continuation line.,must,code,Documentation and docstrings,"The reason is given inline: pydoc strips the line continuation, so an indent becomes whitespace inside the rendered line.",
MATPLOTLIB-C043,https://matplotlib.org/devdocs/devel/document.html | API documentation > Formatting conventions > rcParams,"rcParams can be referenced with the custom ``:rc:`` role: :literal:`:rc:\`foo\`` yields ``rcParams[""foo""] = 'default'``, which is a link to the :file:`matplotlibrc` file description.",Reference an rcParam with the :rc: role.,must,code,Documentation and docstrings,The role is custom to matplotlib and renders the current default plus a link; a plain literal would render neither.,
MATPLOTLIB-C044,https://matplotlib.org/devdocs/devel/document.html | API documentation > Setters and getters,"By convention, these setters and getters are named ``set_PROPERTYNAME`` and ``get_PROPERTYNAME``; the list of properties thusly defined on an artist and their values can be listed by the `~.pyplot.setp` and `~.pyplot.getp` functions.",Name an Artist property accessor pair ``set_PROPERTYNAME`` and ``get_PROPERTYNAME``.,must,code,Language and framework style,"The naming is what `setp` and `getp` introspect on, so a differently-named accessor is invisible to them.",Applies only when adding a property to an Artist subclass.
MATPLOTLIB-C045,https://matplotlib.org/devdocs/devel/document.html | API documentation > Setters and getters,The Parameters block of property setter methods is parsed to document the accepted values... In some rare cases... they can be documented as an ``.. ACCEPTS:`` block,"Document a property setter's accepted values in its Parameters block, or in an ``.. ACCEPTS:`` block where that is not possible.",must,code,Documentation and docstrings,"""In some rare cases (mostly, setters which accept both a single tuple and an unpacked tuple), the accepted values cannot be documented in such a fashion"" - the exception is named and narrow.",Applies only to Artist property setter methods.
MATPLOTLIB-C046,https://matplotlib.org/devdocs/devel/document.html | API documentation > Keyword arguments,"The information in this section is being actively discussed by the development team, so use the docstring interpolation only if necessary.",Use the @_docstring.interpd interpolation scheme only where necessary.,maybe,code,Documentation and docstrings,"""This section has been left in place for now because this interpolation is part of the existing documentation"" - the team flags the whole convention as unsettled.",
MATPLOTLIB-C047,https://matplotlib.org/devdocs/devel/document.html | API documentation > Inherit docstrings,Use a plain comment ``# docstring inherited`` to denote the intention to reuse the parent docstring. That way we do not accidentally create a docstring in the future.,Mark a deliberately inherited docstring with the comment ``# docstring inherited``.,must,code,Documentation and docstrings,"The reason is stated inline; Python inherits the docstring automatically, so the comment exists purely to record intent.",Applies only when a subclass overrides a method without changing its semantics.
MATPLOTLIB-C048,https://matplotlib.org/devdocs/devel/document.html | API documentation > Add figures,figures in the examples gallery can be referenced with a ``.. plot::`` directive pointing to the python script that created the figure,Reference a gallery figure from a docstring with a .. plot:: directive naming the script.,must,code,Documentation and docstrings,"""Plots can also be directly placed inside docstrings"" - the inline form is offered as an alternative with its own stated advantage.",Restates the reStructuredText-pages .. plot:: rule for docstrings.
MATPLOTLIB-C049,https://matplotlib.org/devdocs/devel/document.html | Examples and tutorials,"In the Python files, to exclude an example from having a plot generated, insert ""sgskip"" somewhere in the filename.","Put ""sgskip"" in the filename of an example that should not have a plot generated.",must,docs,Documentation and docstrings,The token is what Sphinx Gallery matches on; nothing else suppresses plot generation.,Applies only if the contribution adds a gallery example that should not produce a plot.
MATPLOTLIB-C050,https://matplotlib.org/devdocs/devel/document.html | Examples and tutorials,"Matplotlib uses the ``# %%`` section separator so that IDEs will identify ""code cells"" to make it easy to re-run sub-sections of the example.",Separate blocks of narrative text in an example or tutorial with the ``# %%`` separator.,must,docs,Documentation and docstrings,"""Subsequent blocks of ReST text are delimited by the line ``# %%``"" - Sphinx Gallery parses on this exact token.",
MATPLOTLIB-C051,https://matplotlib.org/devdocs/devel/document.html | Examples and tutorials > Sample data,"When sample data comes from a public dataset, please cite the source of the data.",Cite the source of any public dataset used as sample data.,must,docs,Documentation and docstrings,"The section grants no exception; the following sentences govern where the data lives, not whether it is cited.",Applies only if the example uses a public dataset.
MATPLOTLIB-C052,https://matplotlib.org/devdocs/devel/document.html | Examples and tutorials > Sample data,"Sample data should be written out in the code. When this is not feasible, the data can be loaded using `.cbook.get_sample_data`.","Write sample data out in the example code, falling back to cbook.get_sample_data only where that is not feasible.",must,docs,Documentation and docstrings,The single fallback is named in the rule and is itself bounded by a further rule about data too large for the code.,
MATPLOTLIB-C053,https://matplotlib.org/devdocs/devel/document.html | Examples and tutorials > Sample data,"If the data is too large to be included in the code, it should be added to :file:`lib/matplotlib/mpl-data/sample_data/`.",Put sample data too large to inline into lib/matplotlib/mpl-data/sample_data/.,must,docs,Documentation and docstrings,"One named directory, reached only after the inline-data rule has been ruled out.",Applies only where the sample data cannot be written out in the example code.
MATPLOTLIB-C054,https://matplotlib.org/devdocs/devel/document.html | Examples and tutorials > Create mini-gallery,The showcased Matplotlib functions should be listed in an admonition at the bottom as follows:: # .. admonition:: References,List the showcased functions in a References admonition at the bottom of the example.,must,docs,Documentation and docstrings,"""This allows sphinx-gallery to place an entry to the example in the mini-gallery of the mentioned functions"" - the consequence of omitting it is stated.",
MATPLOTLIB-C055,https://matplotlib.org/devdocs/devel/document.html | Examples and tutorials > Create mini-gallery,"Whether or not a function is mentioned here should be decided depending on if a mini-gallery link prominently helps to illustrate that function; e.g. mention ``matplotlib.pyplot.subplots`` only in examples that are about laying out subplots, not in every example that uses it.",Mention a function in the References admonition only where a mini-gallery link genuinely illustrates it.,maybe,docs,Documentation and docstrings,"""prominently helps to illustrate"" is the only test given; the worked example is illustrative, not exhaustive.",
MATPLOTLIB-C056,https://matplotlib.org/devdocs/devel/document.html | Examples and tutorials > Create mini-gallery,Functions that exist in ``pyplot`` as well as in Axes or Figure should mention both references no matter which one is used in the example code. The ``pyplot`` reference should always be the second to mention,"List both the Axes/Figure and the pyplot reference for a dual-API function, pyplot second.",must,docs,Documentation and docstrings,"""no matter which one is used in the example code"" and ""always"" close off both the choice and the ordering.",Applies only where the showcased function exists in both pyplot and Axes or Figure.
MATPLOTLIB-C057,https://matplotlib.org/devdocs/devel/document.html | Examples and tutorials > Order examples,":file:`gallery_order.txt` contains a list of example filenames (without the .py extension) in the desired order, with an optional '*' to indicate where not-listed examples should be placed. If '*' is not present, all examples must be listed, or an error will be raised.",List every example in a gallery_order.txt that has no '*' placeholder.,must,docs,Documentation and docstrings,"""or an error will be raised"" - the docs build fails, so the omission is not survivable.",Applies only if the contribution adds an example to a folder whose gallery_order.txt omits the '*' placeholder.
MATPLOTLIB-C058,https://matplotlib.org/devdocs/devel/document.html | Examples and tutorials > Raw restructured text files in the gallery,"For mixed subdirectories like this, we must add any ``*.rst`` files to a ``:toctree:``, either in the ``README.txt`` or in a manual ``index.rst``.",Add any raw .rst file in a mixed gallery subdirectory to a toctree.,must,docs,Documentation and docstrings,"Two placements are offered, README.txt or a manual index.rst, but omission is not among them.",Applies only if the contribution adds a raw .rst file to a Sphinx Gallery subdirectory.
MATPLOTLIB-C059,https://matplotlib.org/devdocs/devel/document.html | Examples and tutorials > Examples guidelines,"Gallery examples should contain a very brief description of *what* is being demonstrated and, when relevant, *how* it is achieved. Explanations should be brief, providing only the minimal context necessary for understanding the example.",Give a gallery example a brief description of what it demonstrates.,maybe,docs,Documentation and docstrings,"""very brief"", ""when relevant"" and ""minimal context necessary"" are the only bounds offered.",
MATPLOTLIB-C060,https://matplotlib.org/devdocs/devel/document.html | Examples and tutorials > Examples guidelines,"Cross-link related documentation (e.g. tutorials, user guides and API entries) and tag the example with related concepts.",Cross-link related documentation from a gallery example.,maybe,docs,Documentation and docstrings,"""related"" is undefined here; the tagging half of the sentence is governed in detail by the tagging guidelines instead.",
MATPLOTLIB-C061,https://matplotlib.org/devdocs/devel/document.html | Examples and tutorials > Examples guidelines > Format,:Title: Describe content in a short sentence (approx. 1-6 words).,Keep a gallery example title to roughly one to six words.,maybe,docs,Documentation and docstrings,"""approx."" is attached to the numeric bound, and the surrounding block opens ""All examples should aim to follow these guidelines"".",
MATPLOTLIB-C062,https://matplotlib.org/devdocs/devel/document.html | Examples and tutorials > Examples guidelines > Format,Do not use *demo* as this is implied by being an example.,"Do not use the word ""demo"" in a gallery example title.",prohibited,docs,Documentation and docstrings,The reason is stated inline: being in the gallery already implies demonstration.,
MATPLOTLIB-C063,https://matplotlib.org/devdocs/devel/document.html | Examples and tutorials > Examples guidelines > Format,"Avoid implied verbs such as *create*, *make*, etc, e.g. *annotated heatmaps* is preferred to *create annotated heatmaps*.",Do not open a gallery example title with an implied verb such as create or make.,maybe,docs,Documentation and docstrings,"Two banned tokens are named outright and a worked prefer/over pair follows, but ""etc"" leaves the list open.",
MATPLOTLIB-C064,https://matplotlib.org/devdocs/devel/document.html | Examples and tutorials > Examples guidelines > Format,"Use the simple present tense when a verb is necessary, e.g. *Fill the area between two curves*",Use the simple present tense in a gallery example title that needs a verb.,must,docs,Documentation and docstrings,"Applies only where a verb survives the implied-verb rule above, so the two rules do not collide.",
MATPLOTLIB-C065,https://matplotlib.org/devdocs/devel/document.html | Examples and tutorials > Examples guidelines > Format,:Description: In a short paragraph (approx 1-3 sentences) describe what visualization technique is being demonstrated and how library features are used to execute the technique,Describe a gallery example in a paragraph of roughly one to three sentences.,maybe,docs,Documentation and docstrings,"""approx"" again hedges the numeric bound, and the block heading says examples ""should aim to"" follow the format.",
MATPLOTLIB-C066,https://matplotlib.org/devdocs/devel/document.html | Examples and tutorials > Examples guidelines > Format,":Plot: Clearly demonstrate the subject and, when possible, show edge cases and different applications. While the plot should be visually appealing, prioritize keeping the plot uncluttered.",Keep a gallery example's plot uncluttered while demonstrating the subject clearly.,maybe,docs,Documentation and docstrings,"""clearly"", ""visually appealing"" and ""uncluttered"" are the whole specification.",
MATPLOTLIB-C067,https://matplotlib.org/devdocs/devel/document.html | Examples and tutorials > Examples guidelines > Format,:Code: Write the minimum necessary to showcase the feature that is the focus of the example.,Write only the code needed to showcase the example's feature.,maybe,docs,Documentation and docstrings,The page names a worked exemplar (lines_with_ticks_demo) but fixes no line budget for gallery examples.,
MATPLOTLIB-C068,https://matplotlib.org/devdocs/devel/document.html | Examples and tutorials > Examples guidelines > Format,"Avoid custom styling and annotation (titles, legends, colors, etc.) when it will not improve the clarity of the example.",Leave out custom styling and annotation that does not improve an example's clarity.,maybe,docs,Documentation and docstrings,The exception - where it does improve clarity - is written into the rule and is not further specified.,
MATPLOTLIB-C069,https://matplotlib.org/devdocs/devel/document.html | Examples and tutorials > Examples guidelines > Format,"Use short comments sparingly to describe what hard to follow parts of code are doing. When more context or explanation is required, add a text paragraph before the code example.",Use short comments sparingly and move longer explanation into a text paragraph.,maybe,docs,Documentation and docstrings,"""sparingly"" and ""hard to follow"" are the only bounds; the alternative placement is written into the rule.",
MATPLOTLIB-C070,https://matplotlib.org/devdocs/devel/document.html | Examples and tutorials > Examples guidelines > Figure size,"The current width limit (induced by *pydata-sphinx-theme*) is 720px, i.e. ``figsize=(7.2, ...)``, or 896px if the page does not have subsections and thus does not have the ""On this page"" navigation on the right-hand side.",Keep a customised example figure within the 720px (or 896px) rendered width limit.,must,docs,Documentation and docstrings,"""we aim to avoid downscaling in rendered HTML docs"" - the limit is imposed by the theme, and the two values are exact.",Applies only where the example sets figsize explicitly.
MATPLOTLIB-C071,https://matplotlib.org/devdocs/devel/document.html | Examples and tutorials > Plot types guidelines,Additions to this gallery are generally discouraged because this gallery is heavily curated and tightly scoped to methods on `matplotlib.axes.Axes`.,Do not add to the plot types gallery without a strong case.,maybe,docs,Documentation and docstrings,"""generally discouraged"" with the curation rationale given; the scope limit to Axes methods is the operative constraint.",
MATPLOTLIB-C072,https://matplotlib.org/devdocs/devel/document.html | Examples and tutorials > Plot types guidelines > Format,":title: Method signature with required arguments, e.g. ``plot(x, y)``",Title a plot types entry with the method signature and its required arguments.,must,docs,Documentation and docstrings,"This format block is stated flatly, unlike the examples-gallery block which opens with ""should aim to follow"".",Applies only to entries in the plot_types gallery.
MATPLOTLIB-C073,https://matplotlib.org/devdocs/devel/document.html | Examples and tutorials > Plot types guidelines > Format,":description: In one sentence, describe the visualization that the method produces and link to the API documentation, e.g. *Draws a bar chart. See ~Axes.bar*.",Describe a plot types entry in one sentence and link to the method's API documentation.,must,docs,Documentation and docstrings,"""When necessary, add an additional sentence explaining the use case for this function vs a very similar one"" - the one extra sentence is the only latitude given.",Applies only to entries in the plot_types gallery.
MATPLOTLIB-C074,https://matplotlib.org/devdocs/devel/document.html | Examples and tutorials > Plot types guidelines > Format,:code: The code should be about 5-10 lines with minimal customization.,Keep a plot types entry's code to about five to ten lines.,maybe,docs,Documentation and docstrings,"""about"" hedges the range, and ""minimal customization"" is not otherwise specified.",Applies only to entries in the plot_types gallery.
MATPLOTLIB-C075,https://matplotlib.org/devdocs/devel/document.html | Examples and tutorials > Plot types guidelines > Format,Plots in this gallery use the ``_mpl-gallery`` stylesheet for a uniform aesthetic.,Style a plot types entry with the ``_mpl-gallery`` stylesheet.,must,docs,Documentation and docstrings,"The stated purpose is a uniform aesthetic across the gallery, which a differently-styled entry would break.",Applies only to entries in the plot_types gallery.
MATPLOTLIB-C076,https://matplotlib.org/devdocs/devel/development_workflow.html | Workflow summary,Don't make changes in your local ``main`` branch!,Do not commit changes to your local main branch.,prohibited,"commit,workflow",Git and commit conventions,"""To keep your work well organized, with readable history, and in turn make it easier for project maintainers... to see what you've done, and why you did it, we recommend the following"". The pre-commit config enforces it with the ``no-commit-to-branch`` hook.",Auto-fix: none - no-commit-to-branch blocks the commit rather than repairing it.
MATPLOTLIB-C077,https://matplotlib.org/devdocs/devel/development_workflow.html | Workflow summary,"Before starting a new set of changes, fetch all changes from ``upstream/main``, and start a new *feature branch* from that.",Start each new set of changes on a feature branch cut from a freshly fetched upstream/main.,must,workflow,Git and commit conventions,"The Overview restates it as two literal commands, ``git fetch upstream`` then ``git checkout -b my-new-feature upstream/main``.",
MATPLOTLIB-C078,https://matplotlib.org/devdocs/devel/development_workflow.html | Workflow summary,"Make a new branch for each feature or bug fix - ""one task, one branch"".",Use one branch per feature or bug fix.,must,workflow,Git and commit conventions,"""Making a new branch for each set of related changes will make it easier for someone reviewing your branch to see what you are doing.""",
MATPLOTLIB-C079,https://matplotlib.org/devdocs/devel/development_workflow.html | Workflow summary,Name your branch for the purpose of the changes - e.g. ``bugfix-for-issue-14`` or ``refactor-database-code``.,Name a branch after the purpose of its changes.,maybe,workflow,Git and commit conventions,"""Choose an informative name for the branch to remind yourself and the rest of us what the changes in the branch are for."" Two example names, no pattern.",Restated under Make a new feature branch.
MATPLOTLIB-C080,https://matplotlib.org/devdocs/devel/development_workflow.html | Make a new feature branch,"Choose an informative name for the branch to remind yourself and the rest of us what the changes in the branch are for. For example ``add-ability-to-fly``, or ``bugfix-for-issue-42``.",Give a feature branch an informative name.,maybe,workflow,Git and commit conventions,The section adds two more example names but still fixes no naming pattern.,Restates the Workflow summary branch-naming rule.
MATPLOTLIB-C081,https://matplotlib.org/devdocs/devel/development_workflow.html | Make a new feature branch,"Generally, you will want to keep your feature branches on your public GitHub fork of Matplotlib. To do this, you ``git push`` this new branch up to your GitHub repo.",Push feature branches to your own public GitHub fork.,maybe,workflow,Git and commit conventions,"""Generally, if you followed the instructions in these pages, and by default, git will have a link to your fork of the GitHub repo, called ``origin``.""",
MATPLOTLIB-C082,https://matplotlib.org/devdocs/devel/development_workflow.html | The editing workflow,Add any new files to version control ``git add new_file_name``.,Add every new file you create to version control.,must,commit,Git and commit conventions,The surrounding numbered list treats this as a step of every edit cycle; the following step notes ``commit -a`` stages only already-tracked modified files.,
MATPLOTLIB-C083,https://matplotlib.org/devdocs/devel/development_workflow.html | Verify your changes,"If the issue you are working on provided a code example, run that example against your branch and check that you now get the desired result.",Run the issue's reproducer against your branch and confirm it now gives the desired result.,must,workflow,Tests and test style,"""Note that adapting the issue example is often a good way to create a new test.""",Applies only if the issue supplied a code example.
MATPLOTLIB-C084,https://matplotlib.org/devdocs/devel/development_workflow.html | Verify your changes,Run the tests to check that your change has not had unintended consequences on existing functionality.,Run the test suite to check your change has not broken existing functionality.,must,test,Tests and test style,"Links to :ref:`run_tests`, which names the exact invocation (bare ``pytest`` from the repository root).",
MATPLOTLIB-C085,https://matplotlib.org/devdocs/devel/development_workflow.html | Verify your changes,"For documentation changes, build the documentation locally to check that it renders how you intended and that any new links work correctly.",Build the documentation locally when you change documentation.,must,docs,Documentation and docstrings,"Links to :ref:`build_docs`, where ``SPHINXOPTS`` defaults to ``-W --keep-going`` so any warning fails the build.",Applies only if the contribution changes documentation.
MATPLOTLIB-C086,https://matplotlib.org/devdocs/devel/development_workflow.html | Verify your changes,This is also a good time to look through the :ref:`pr-author-guidelines` and address as many of the relevant points as you can.,Work through the pull request author guidelines before opening a pull request.,maybe,PR,PR and release metadata,"""as many of the relevant points as you can"" - the checklist itself is the operative statement.","Pointer to the pr_guide author checklist, which is extracted item by item there."
MATPLOTLIB-C087,https://matplotlib.org/devdocs/devel/development_workflow.html | Open a pull request,The base repository is ``matplotlib/matplotlib`` and the base branch is generally ``main``.,Open the pull request against matplotlib/matplotlib's main branch.,must,PR,PR and release metadata,"""Go to the web page of *your fork* of the Matplotlib repo, and click ``Compare & pull request``"" - the whole step happens in GitHub's web UI.",
MATPLOTLIB-C088,https://matplotlib.org/devdocs/devel/development_workflow.html | Open a pull request,Enter a title for the set of changes with some explanation of what you've done. Mention anything you'd like particular attention for - such as a complicated change or some code you are not happy with.,Give the pull request a title and an explanation of what the change does.,must,PR,PR and release metadata,"The PR template supplies the shape of that explanation with its ""PR summary"" heading.",
MATPLOTLIB-C089,https://matplotlib.org/devdocs/devel/development_workflow.html | Open a pull request,"If you don't think your request is ready to be merged, make a :ref:`draft pull request <draft-pr>` and state what aspects you want to have feedback on.",Open an unfinished contribution as a draft pull request and say what feedback you want.,must,PR,PR and release metadata,"""This is a good way of getting some preliminary code review."" The pr_guide draft-PR section repeats the obligation to say why it is a draft.",Applies only if the contribution is not ready to merge.
MATPLOTLIB-C090,https://matplotlib.org/devdocs/devel/development_workflow.html | Update a pull request,"When updating your pull request after making revisions, instead of adding new commits, please consider amending your initial commit(s) to keep the commit history clean.",Amend your existing commits rather than adding new ones when revising a pull request.,maybe,commit,Git and commit conventions,"""please consider"" is the phrasing, and the tip that follows is about push mechanics rather than the choice.",Applies only when revising an already-pushed pull request.
MATPLOTLIB-C091,https://matplotlib.org/devdocs/devel/development_workflow.html | Manage commit history > Rewrite commit history,Do this only for your own feature branches.,Rewrite commit history only on your own feature branches.,must,commit,Git and commit conventions,Set out as a standalone ``.. note::`` at the head of the interactive-rebase walkthrough.,
MATPLOTLIB-C092,https://matplotlib.org/devdocs/devel/development_workflow.html | Manage commit history > Rebase onto ``upstream/main``,"At this stage you consider merging ``main`` into your feature branch, and you remember that this page sternly advises you not to do that, because the history will get messy.",Do not merge main into your feature branch; rebase onto upstream/main instead.,prohibited,"commit,workflow",Git and commit conventions,"""Most of the time, you can just ask for a review without worrying about whether ``main`` has got a little ahead"" - rebasing is for the case where main's changes actually affect yours.",
MATPLOTLIB-C093,https://matplotlib.org/devdocs/devel/development_workflow.html | Manage commit history > Push with force,"We recommend using ``--force-with-lease`` over the ``--force`` flag. The ``--force`` will do the push no matter what, whereas ``--force-with-lease`` will only do the push if the remote branch is where the local ``git`` client thought it was.",Use git push --force-with-lease rather than --force.,must,workflow,Git and commit conventions,"The difference between the two flags is spelled out, and the safe one is named exactly.",Applies only after rewriting already-pushed history.
MATPLOTLIB-C094,https://matplotlib.org/devdocs/devel/development_workflow.html | Manage commit history > Push with force,"Be judicious with force-pushing. It is effectively re-writing published history, and if anyone has fetched the old commits, it will have a different view of history which can cause confusion.",Force-push sparingly.,maybe,workflow,Git and commit conventions,"""judicious"" is the only bound, and the stated harm depends on whether anyone has fetched the old commits.",
MATPLOTLIB-C095,https://matplotlib.org/devdocs/devel/development_workflow.html | Automated tests,"Make sure the Linting, GitHub Actions, AppVeyor, CircleCI, and Azure pipelines are passing before merging. All checks are listed at the bottom of the GitHub page of your pull request.","Get the Linting, GitHub Actions, AppVeyor, CircleCI and Azure pipelines passing before the pull request is merged.",must,CI,PR and release metadata,"""Codecov and CodeQL are currently for information only. Their failure is not necessarily a blocker"" - the five named pipelines are, by contrast, blocking.",
MATPLOTLIB-C096,https://matplotlib.org/devdocs/devel/development_workflow.html | Automated tests > Skip CI checks,``[skip appveyor]`` Skip AppVeyor run. Substring must be in first line of commit message.,Put a [skip appveyor] marker on the first line of the commit message.,must,commit,Git and commit conventions,The placement constraint is unique to this marker; the other skip strings may appear anywhere in the message.,Applies only if the contributor chooses to skip the AppVeyor run.
MATPLOTLIB-C097,https://matplotlib.org/devdocs/devel/development_workflow.html | Automated tests > Skip CI checks,``[skip ci]`` Skip all CI checks. Use only for changes where documentation checks and unit tests do not apply.,Use [skip ci] only for changes to which documentation checks and unit tests do not apply.,must,commit,Git and commit conventions,"""``[skip actions]`` and ``[skip ci]`` only skip Github Actions CI workflows that are triggered on ``on: push`` and ``on: pull_request`` events.""",Applies only if the contributor chooses to skip CI.
MATPLOTLIB-C098,https://matplotlib.org/devdocs/devel/contribute.html | Code,"Because many people use and work on Matplotlib, we have guidelines for keeping our code consistent and mitigating the impact of changes. * :ref:`coding_guidelines` * :ref:`api_changes` * :ref:`pr-guidelines`","Follow the coding guidelines, API guidelines and pull request guidelines when contributing code.",must,code,Code and quality,The three linked pages are the operative statements; this sentence is the index into them.,Umbrella pointer; each linked page is extracted in full separately.
MATPLOTLIB-C099,https://matplotlib.org/devdocs/devel/contribute.html | Documentation,"Our website structure mirrors our folder structure, meaning that a narrative document's URL roughly corresponds to its location in our folder structure",Place a new narrative document in the folder that matches the URL it should have.,maybe,docs,Documentation and docstrings,"""roughly corresponds"" is the stated strength of the mapping, and the two grids that follow list directories rather than a rule.",
MATPLOTLIB-C100,https://matplotlib.org/devdocs/devel/contribute.html | Use of Generative AI,"Generative AI tools are evolving rapidly and can be helpful. As with any tool, the resulting contribution is the responsibility of the human contributor.",Take personal responsibility for any contribution produced with a generative AI tool.,must,workflow,AI-assisted contribution policy,"""We expect dedicated and authentic engagement in our community."" The section closes by warning that users may be banned or reported.",
MATPLOTLIB-C101,https://matplotlib.org/devdocs/devel/contribute.html | Use of Generative AI,"In particular when using AI, carefully consider what and how to communicate, question results, think things through thoroughly and make well-informed decisions.",Question and think through AI output before communicating or acting on it.,maybe,workflow,AI-assisted contribution policy,"The instruction is about the contributor's deliberation, and the acceptable/unacceptable grids that follow give the operational tests.",
MATPLOTLIB-C102,https://matplotlib.org/devdocs/devel/contribute.html | Use of Generative AI,Translating or proof-reading your comments or PR descriptions. Please keep the wording as close as possible to your original wording.,Keep AI-assisted translation or proof-reading as close as possible to your original wording.,must,PR,AI-assisted contribution policy,"Listed under ""Acceptable uses"", so the permission is conditional on the wording constraint.",Applies only if AI was used to translate or proof-read.
MATPLOTLIB-C103,https://matplotlib.org/devdocs/devel/contribute.html | Use of Generative AI,"External AI tooling (e.g. bots, agents) directly interacting with the project; including creating issues, PRs or commenting on GitHub or Discourse.",Do not let external AI tooling interact with the project directly by opening issues or pull requests or commenting.,prohibited,"PR,workflow",AI-assisted contribution policy,"Heads the ""Unacceptable uses"" grid: ""Some examples of acceptable and unacceptable AI uses are"".",
MATPLOTLIB-C104,https://matplotlib.org/devdocs/devel/contribute.html | Use of Generative AI,Solving topics that you wouldn't be able to solve yourself without AI,Do not use AI to solve a problem you could not solve yourself.,prohibited,workflow,AI-assisted contribution policy,Listed as an unacceptable use; the enforcement sentence promises rejection of low-value contributions believed to be AI generated.,
MATPLOTLIB-C105,https://matplotlib.org/devdocs/devel/contribute.html | Use of Generative AI,Using AI output without ensuring that you fully understand the output or without verifying that it is the correct approach.,Verify that you understand AI output and that it is the correct approach before using it.,prohibited,workflow,AI-assisted contribution policy,"Same unacceptable-uses grid; the acceptable column permits ""Gaining understanding of the existing code"" and ""Getting solution ideas"".",
MATPLOTLIB-C106,https://matplotlib.org/devdocs/devel/contribute.html | Use of Generative AI,"Increasing breadth of contributions, i.e. simultaneously contributing to several projects. Instead of spreading your resources, you can provide greater value by engaging more deeply with one or two projects.",Do not use AI to contribute to several projects at once.,prohibited,workflow,AI-assisted contribution policy,The alternative is written into the item: engage more deeply with one or two projects.,
MATPLOTLIB-C107,https://matplotlib.org/devdocs/devel/contribute.html | Use of Generative AI,"To ensure project health and preserve limited core developer capacity, we will flag and reject low-value contributions that we believe are AI generated.",Do not submit a low-value AI-generated contribution.,prohibited,PR,AI-assisted contribution policy,"The consequence is stated outright - the contribution is flagged and rejected, and repeat offenders may be banned or reported to GitHub.",
MATPLOTLIB-C108,https://matplotlib.org/devdocs/devel/contribute.html | New contributors > Good first issues,"Good first issues are intended to onboard newcomers with a genuine interest in improving Matplotlib, in the hopes that they will continue to participate in our development community; therefore, pull requests that are :ref:`AI generated <generative_ai>` will be closed.",Do not submit an AI-generated pull request against a good first issue.,prohibited,PR,AI-assisted contribution policy,"The consequence is unconditional: such pull requests ""will be closed"". The triage guide repeats it to reviewers.",Applies only if the issue carries the good first issue label.
MATPLOTLIB-C109,https://matplotlib.org/devdocs/devel/contribute.html | First contributions,"Check existing pull requests (e.g., :ghpull:`28476`) and filter by the issue number to make sure the issue is not in progress",Check for an existing pull request on the issue before starting work.,must,PR,PR and release metadata,"""If the issue has a pull request (is in progress), tag the user working on the issue, and ask to collaborate (optional).""",
MATPLOTLIB-C110,https://matplotlib.org/devdocs/devel/contribute.html | First contributions,"Please familiarize yourself with the pull request template (see below), and ensure you understand/are able to complete the template when you open your pull request.",Be able to complete the pull request template before opening a pull request.,must,PR,PR and release metadata,"The template itself is reproduced immediately below by ``literalinclude``, so the requirement resolves to that file.",The template's own items are extracted from the raw file.
MATPLOTLIB-C111,https://matplotlib.org/devdocs/devel/contribute.html | First contributions,Make sure you finish addressing any review comments on your first PR and wait for it to be merged (or closed) before opening a new one.,Finish your first pull request before opening a second one.,must,PR,PR and release metadata,Set out in an ``.. important::`` admonition; the reason given is that maintainers spend their time effectively.,Applies only to a first-time contributor with an open pull request.
MATPLOTLIB-C112,https://matplotlib.org/devdocs/devel/contribute.html | Choose an issue,"Issues are ""assigned"" or ""claimed"" by opening a PR; there is no other assignment mechanism. If you have opened such a PR, please comment on the issue thread to avoid duplication of work.",Comment on the issue thread after opening a pull request that claims it.,must,PR,PR and release metadata,"""In general, the Matplotlib project does not assign issues"" - the comment is the only signal that the issue is taken.",
MATPLOTLIB-C113,https://matplotlib.org/devdocs/devel/contribute.html | Choose an issue,"Please check if there is an existing PR for the issue you are addressing. If there is, try to work with the author by submitting reviews of their code or commenting on the PR rather than opening a new PR; duplicate PRs are subject to being closed.",Do not open a duplicate pull request for an issue that already has one.,prohibited,PR,PR and release metadata,"""However, if the existing PR is an outline, unlikely to work, or stalled, and the original author is unresponsive, feel free to open a new PR referencing the old one.""",
MATPLOTLIB-C114,https://matplotlib.org/devdocs/devel/contribute.html | Start a pull request,**As part of verifying your changes** check that your contribution meets the :ref:`pull request guidelines <pr-author-guidelines>` and then :ref:`open a pull request <open-pull-request>`.,Check your contribution against the pull request author guidelines before opening the pull request.,must,PR,PR and release metadata,"Step three of a four-step ordering, so the check is positioned before the pull request exists.",Same obligation as the development workflow pointer to pr-author-guidelines.
MATPLOTLIB-C115,https://matplotlib.org/devdocs/devel/contribute.html | Start a pull request,**Finally** follow up with maintainers on the PR if waiting more than a few days for feedback.,Follow up on the pull request if there is no maintainer feedback within a few days.,maybe,PR,PR and release metadata,"""Please be patient with reviewers. We try our best to respond quickly, but we have limited bandwidth"" on the pull request guidelines page.",
MATPLOTLIB-C116,https://matplotlib.org/devdocs/devel/style_guide.html | Expository language > Terminology,There are several key terms in Matplotlib that are standards for reliability and consistency in documentation. They are not interchangeable.,"Do not use Figure, Axes, Artist and Axis interchangeably.",must,docs,Language and framework style,"The table that follows assigns each term a capitalisation for three registers: Matplotlib objects, the class, and general language.",Umbrella statement over the four per-term rules that follow.
MATPLOTLIB-C117,https://matplotlib.org/devdocs/devel/style_guide.html | Expository language > Terminology,"|Figure| Matplotlib working space for programming. *For Matplotlib objects*: Figure, ""The Figure is the working space for the visual."" ... *General language*: figure, ""Michelle Kwan is a famous figure skater.""","Capitalise Figure when it means the Matplotlib object or class, and lowercase it in general language.",must,docs,Language and framework style,"The incorrect column names the failure exactly: ""The figure is the working space for visuals.""",
MATPLOTLIB-C118,https://matplotlib.org/devdocs/devel/style_guide.html | Expository language > Terminology,"|Axes| Subplots within Figure... *For Matplotlib objects*: Axes, ""An Axes is a subplot within the Figure."" ... *General language*: axes, ""Both loggers and lumberjacks use axes to chop wood.""","Capitalise Axes when it means the Matplotlib object or class, and lowercase it in general language.",must,docs,Language and framework style,"The correct column notes the plural-of-axis reading is also general language: ""There are no standard names for the coordinates in the three axes.""",
MATPLOTLIB-C119,https://matplotlib.org/devdocs/devel/style_guide.html | Expository language > Terminology,"|Artist| Broad variety of Matplotlib objects that display visuals. *For Matplotlib objects*: Artist, ""Artists display visuals and are the visible elements when rendering a Figure.""","Capitalise Artist when it means the Matplotlib object or class, and lowercase it in general language.",must,docs,Language and framework style,"The incorrect column rules out ""Configure the legend artist with its respective method.""",
MATPLOTLIB-C120,https://matplotlib.org/devdocs/devel/style_guide.html | Expository language > Terminology,"|Axis| Human-readable single dimensional object of reference marks containing ticks, tick labels, spines, and edges. *For Matplotlib objects*: Axis, ""The Axis for the bar chart is a separate Artist.""","Capitalise Axis when it means the Matplotlib object or class, and lowercase it in general language.",must,docs,Language and framework style,"The table warns that the plural of Axis is ""Axis objects"", not ""Axes"", which is a different class.",
MATPLOTLIB-C121,https://matplotlib.org/devdocs/devel/style_guide.html | Expository language > Terminology,Axes interface. Correct: Axes interface; call methods on the Axes / Figure object. Incorrect: explicit interface; object oriented; OO-style; OOP,"Call the Axes usage pattern the ""Axes interface"", not the explicit, object-oriented, OO-style or OOP interface.",must,docs,Language and framework style,"Four rejected spellings are enumerated in the incorrect column, and two accepted phrasings in the correct column.",
MATPLOTLIB-C122,https://matplotlib.org/devdocs/devel/style_guide.html | Expository language > Terminology,pyplot interface. Correct: ``pyplot`` interface; call ``pyplot`` functions. Incorrect: implicit interface; MATLAB like; Pyplot,"Call the pyplot usage pattern the ""pyplot interface"", not the implicit or MATLAB-like interface, and do not capitalise Pyplot.",must,docs,Language and framework style,"Three rejected spellings are enumerated, including the capitalisation ""Pyplot"".",
MATPLOTLIB-C123,https://matplotlib.org/devdocs/devel/style_guide.html | Expository language > Headings,Use sentence case for headings. Correct: Quick start guide. Incorrect: Quick Start Guide,Write headings in sentence case.,must,docs,Documentation and docstrings,A single correct/incorrect pair with no exception offered.,Restates the section-title rule on the Write documentation page.
MATPLOTLIB-C124,https://matplotlib.org/devdocs/devel/style_guide.html | Expository language > Headings,Noun phrases and verb phrases are both acceptable for headings. Noun phrases are preferred for higher-level headings and descriptive sections as they simply state the content.,Prefer noun phrases for higher-level and descriptive headings.,maybe,docs,Documentation and docstrings,"""Noun phrases and verb phrases are both acceptable for headings"" - the section states outright that either is allowed.",
MATPLOTLIB-C125,https://matplotlib.org/devdocs/devel/style_guide.html | Expository language > Headings,"Verb phrases are preferred for instructive and action-oriented sections; in particular when they cover steps in a process, such as the subsections in :ref:`installing_for_devs`.",Prefer verb phrases for instructive and action-oriented headings.,maybe,docs,Documentation and docstrings,The same sentence that permits both forms governs this one; only the emphasis differs by section type.,
MATPLOTLIB-C126,https://matplotlib.org/devdocs/devel/style_guide.html | Expository language > Headings,Use the second-person imperative form of the verb rather than the gerund form. Correct: Fork the Matplotlib repository. Incorrect: Forking the Matplotlib repository,"Write a verb-phrase heading in the second-person imperative, not the gerund.",must,docs,Documentation and docstrings,"The correct/incorrect pair turns on exactly one word form, and nothing in the section sanctions the gerund.",Applies only where the heading is a verb phrase.
MATPLOTLIB-C127,https://matplotlib.org/devdocs/devel/style_guide.html | Expository language > Grammar > Subject,Use second-person imperative sentences for directed instructions specifying an action.,Write directed instructions as second-person imperative sentences.,must,docs,Documentation and docstrings,"The worked pair rewrites ""You can install Matplotlib from the source directory"" as ""Install Matplotlib from the source directory"".",
MATPLOTLIB-C128,https://matplotlib.org/devdocs/devel/style_guide.html | Expository language > Grammar > Subject,Second-person pronouns are for individual-specific contexts and possessive reference.,Reserve second-person pronouns for individual-specific and possessive contexts.,must,docs,Documentation and docstrings,"The incorrect column shows the over-use being ruled out: ""You can find additional support if you are having trouble with your installation.""",
MATPLOTLIB-C129,https://matplotlib.org/devdocs/devel/style_guide.html | Expository language > Grammar > Tense,Use present simple tense for explanations.,Write explanations in the present simple tense.,must,docs,Documentation and docstrings,"The worked pair rewrites ""Matplotlib will take data and transform it"" into the present simple.",
MATPLOTLIB-C130,https://matplotlib.org/devdocs/devel/style_guide.html | Expository language > Grammar > Tense,Avoid future tense and other modal or auxiliary verbs when possible.,Avoid future tense and modal or auxiliary verbs in explanations.,maybe,docs,Documentation and docstrings,"""when possible"" is attached to the instruction, which leaves the contributor to decide when it is not.",
MATPLOTLIB-C131,https://matplotlib.org/devdocs/devel/style_guide.html | Expository language > Grammar > Voice,Write in active sentences.,Write in the active voice.,must,docs,Documentation and docstrings,"""Passive voice is best for situations or conditions related to warning prompts"" - a named exception, extracted as its own rule.",
MATPLOTLIB-C132,https://matplotlib.org/devdocs/devel/style_guide.html | Expository language > Grammar > Voice,Passive voice is best for situations or conditions related to warning prompts.,Use the passive voice for warning-prompt conditions.,maybe,docs,Documentation and docstrings,"The worked pair (""An error message is returned by the function if there are no arguments."") shows the exception in use.",Applies only to text describing a warning prompt or error condition.
MATPLOTLIB-C133,https://matplotlib.org/devdocs/devel/style_guide.html | Expository language > Grammar > Sentence structure,Write with short sentences using Subject-Verb-Object order regularly.,Write short subject-verb-object sentences.,maybe,docs,Documentation and docstrings,"""regularly"" is the only frequency given, and no sentence-length limit appears anywhere on the page.",
MATPLOTLIB-C134,https://matplotlib.org/devdocs/devel/style_guide.html | Expository language > Grammar > Sentence structure,Limit coordinating conjunctions in sentences.,Limit coordinating conjunctions in a sentence.,maybe,docs,Documentation and docstrings,"""Limit"" fixes no count; the worked pair splits one relative clause into two sentences.",
MATPLOTLIB-C135,https://matplotlib.org/devdocs/devel/style_guide.html | Expository language > Grammar > Sentence structure,Avoid pronoun references and subordinating conjunctive phrases.,Avoid pronoun references and subordinating conjunctive phrases.,maybe,docs,Documentation and docstrings,"The worked pair rewrites ""a collection of functions which create, manage, and manipulate"" as two sentences.",
MATPLOTLIB-C136,https://matplotlib.org/devdocs/devel/style_guide.html | Formatting > Code > Comments,"Examples of Python code have comments before or on the same line. Correct: ``# Data`` then ``years = [2006, 2007, 2008]``, or ``years = [2006, 2007, 2008]  # Data``. Incorrect: ``years = [2006, 2007, 2008]`` then ``# Data``","Put a comment before or on the same line as the code it describes, never after it.",must,docs,Documentation and docstrings,"Two correct placements and one incorrect placement are shown side by side, exhausting the options.",
MATPLOTLIB-C137,https://matplotlib.org/devdocs/devel/style_guide.html | Formatting > Code > Outputs,"When generating visuals with Matplotlib using ``.py`` files in examples, display the visual with `matplotlib.pyplot.show` to display the visual.",End an example that produces a visual with a show() call.,must,docs,Documentation and docstrings,The second worked pair shows ``fig.show()`` is equally acceptable for the Axes interface.,Applies only to .py example files that create a figure.
MATPLOTLIB-C138,https://matplotlib.org/devdocs/devel/style_guide.html | Formatting > Code > Outputs,Keep the documentation clear of Python output lines.,Do not leave Python output lines in documentation examples.,prohibited,docs,Documentation and docstrings,Paired with the show() rule: calling show is what suppresses the repr line in the rendered output.,
MATPLOTLIB-C139,https://matplotlib.org/devdocs/devel/style_guide.html | Formatting > reStructuredText > Lists,Bulleted lists are for items that do not require sequencing.,Use a bulleted list for items that do not need sequencing.,must,docs,Documentation and docstrings,"Paired with the numbered-list rule, and the two worked pairs show the same content in the wrong list type.",
MATPLOTLIB-C140,https://matplotlib.org/devdocs/devel/style_guide.html | Formatting > reStructuredText > Lists,Numbered lists are exclusively for performing actions in a determined order.,Use a numbered list only for actions performed in a determined order.,must,docs,Documentation and docstrings,"""exclusively"" closes the category; the worked pair shows three chart types wrongly numbered.",
MATPLOTLIB-C141,https://matplotlib.org/devdocs/devel/style_guide.html | Formatting > reStructuredText > Tables,Use ASCII tables with reStructuredText standards in organizing content.,Write tables as reStructuredText ASCII tables.,must,docs,Documentation and docstrings,"Three accepted forms are shown - grid, list and simple tables - against two rejected ones.",
MATPLOTLIB-C142,https://matplotlib.org/devdocs/devel/style_guide.html | Formatting > reStructuredText > Tables,Markdown tables and the csv-table directive are not accepted.,Do not use Markdown tables or the csv-table directive.,prohibited,docs,Documentation and docstrings,"Stated flatly with no exception, and both rejected forms are shown in the incorrect column.","Conflicts with the Write documentation page, whose table-formatting matrix sends large tables with long entries to a csv table."
MATPLOTLIB-C143,https://matplotlib.org/devdocs/devel/pr_guide.html | Summary for pull request authors,"Changes, both new features and bugfixes, should have good test coverage.",Cover both new features and bugfixes with tests.,maybe,test,Tests and test style,"""We recommend that you check that your contribution complies with the following guidelines before submitting a pull request"" - this is the author's pre-submission checklist. The PR template repeats it as a tick-box.",
MATPLOTLIB-C144,https://matplotlib.org/devdocs/devel/pr_guide.html | Summary for pull request authors,Update the :ref:`documentation <pr-documentation>` if necessary.,Update the documentation when your change requires it.,maybe,docs,Documentation and docstrings,"Pre-submission checklist item; the Documentation section further down the page spells out what ""if necessary"" covers.",
MATPLOTLIB-C145,https://matplotlib.org/devdocs/devel/pr_guide.html | Summary for pull request authors,All public methods should have informative docstrings with sample usage when appropriate. Use the :ref:`docstring standards <writing-docstrings>`.,Give every public method an informative docstring.,maybe,code,Documentation and docstrings,"Pre-submission checklist item pointing at the docstring standards; ""sample usage"" is qualified with ""when appropriate"".",
MATPLOTLIB-C146,https://matplotlib.org/devdocs/devel/pr_guide.html | Summary for pull request authors,"For high-level plotting functions, consider adding a small example to the :ref:`examples gallery <gallery>`.",Add a small gallery example for a new high-level plotting function.,maybe,docs,Documentation and docstrings,"Pre-submission checklist item. The PR template states the same thing unhedged: ""Plotting related features are demonstrated in an example"".",Applies only if the change adds or changes a high-level plotting function.
MATPLOTLIB-C147,https://matplotlib.org/devdocs/devel/pr_guide.html | Summary for pull request authors,"If you add a new feature or change the API in a backward-incompatible way, please document it as described in :ref:`api_changes`.",Write a release note for a new feature or a backward-incompatible API change.,must,docs,PR and release metadata,Pre-submission checklist item; the API guidelines page names the exact folder for each kind of note.,Applies only if the change adds a feature or breaks the API.
MATPLOTLIB-C148,https://matplotlib.org/devdocs/devel/pr_guide.html | Summary for pull request authors,Code should follow our conventions as documented in our :ref:`coding_guidelines`.,Follow the coding guidelines.,maybe,code,Code and quality,Pre-submission checklist item; the coding guide is the operative document and is extracted section by section.,Umbrella pointer at the coding guide.
MATPLOTLIB-C149,https://matplotlib.org/devdocs/devel/pr_guide.html | Summary for pull request authors,"When adding or changing public function signatures, add :ref:`type hints <type-hints>`.",Add type hints when you add or change a public function signature.,must,code,Code and quality,Pre-submission checklist item; the coding guide adds that the mypy pre-commit hook and the stubtest CI job both check this.,Applies only if the change adds or alters a public signature.
MATPLOTLIB-C150,https://matplotlib.org/devdocs/devel/pr_guide.html | Summary for pull request authors,"When adding keyword arguments, see our guide to :ref:`keyword-argument-processing`.",Follow the keyword-argument processing guide when adding keyword arguments.,maybe,code,Language and framework style,Pre-submission checklist item; the coding guide section it names carries the operative rules about ``**kwargs``.,Applies only if the change adds keyword arguments.
MATPLOTLIB-C151,https://matplotlib.org/devdocs/devel/pr_guide.html | Summary for pull request authors,Changes were made on a :ref:`feature branch <make-feature-branch>`.,Make the changes on a feature branch.,must,workflow,Git and commit conventions,"Listed under ""When opening a pull request on Github, please ensure that"", so it is a gate on the pull request rather than advice.",Restates the development workflow feature-branch rule.
MATPLOTLIB-C152,https://matplotlib.org/devdocs/devel/pr_guide.html | Summary for pull request authors,":ref:`prek <pre-commit-hooks>` checks for spelling, formatting, etc pass",Get the prek pre-commit checks passing before opening the pull request.,must,code,Code and quality,"""When opening a pull request on Github, please ensure that"". The hook set is fixed in .pre-commit-config.yaml and the Linting CI job runs the same checks.","Auto-fix: ruff-check runs with --fix; oxipng, trailing-whitespace, end-of-file-fixer and mixed-line-ending rewrite files."
MATPLOTLIB-C153,https://matplotlib.org/devdocs/devel/pr_guide.html | Summary for pull request authors,The pull request targets the :ref:`main branch <pr-branch-selection>`,Target the pull request at the main branch.,must,PR,PR and release metadata,"""When opening a pull request on Github, please ensure that""; the branch-selection section adds that other branches are fed by backports.",
MATPLOTLIB-C154,https://matplotlib.org/devdocs/devel/pr_guide.html | Summary for pull request authors,"If your pull request addresses an issue, please use the title to describe the issue (e.g. ""Add ability to plot timedeltas"") and mention the issue number in the pull request description to ensure that a link is created to the original issue (e.g. ""Closes #8869"" or ""Fixes #8869"").",Describe the issue in the pull request title and reference its number in the description.,must,PR,PR and release metadata,"""This will ensure the original issue mentioned is automatically closed when your PR is merged."" Two exact autoclose keywords are given.",Applies only if the contribution addresses an existing issue.
MATPLOTLIB-C155,https://matplotlib.org/devdocs/devel/pr_guide.html | Summary for pull request authors,:ref:`pr-automated-tests` pass,Get the automated tests passing on the pull request.,must,CI,PR and release metadata,"The Automated tests section restates it as ""Before being merged, a PR should pass the automated-tests.""",
MATPLOTLIB-C156,https://matplotlib.org/devdocs/devel/pr_guide.html | Detailed guidelines > Draft PRs,Authors should clearly communicate why the PR has draft status and what needs to be done to make it ready for review.,State why a pull request is a draft and what remains to be done.,must,PR,PR and release metadata,"""By default, reviewers will not look at the code of a draft PR and only respond to specific questions by the author.""",Applies only if the pull request is marked draft.
MATPLOTLIB-C157,https://matplotlib.org/devdocs/devel/pr_guide.html | Detailed guidelines > Draft PRs,"In particular, they should explicitly ask for targeted feedback if needed.",Ask explicitly for the feedback you want on a draft pull request.,maybe,PR,PR and release metadata,"""if needed"" is the qualifier, and reviewers are said to respond only to specific questions on a draft.",Applies only if the pull request is marked draft.
MATPLOTLIB-C158,https://matplotlib.org/devdocs/devel/pr_guide.html | Detailed guidelines > Documentation,"Every new feature should be documented. If it's a new module, don't forget to add a new rst file to the API docs.",Add a new rst file to the API docs when you add a new module.,must,docs,Documentation and docstrings,"The Write documentation page adds that doc/api pages are otherwise generated, so a new module needs its stub added by hand.",Applies only if the change adds a new module.
MATPLOTLIB-C159,https://matplotlib.org/devdocs/devel/pr_guide.html | Detailed guidelines > Documentation,Each high-level plotting function should have a small example in the ``Examples`` section of the docstring. This should be as simple as possible to demonstrate the method.,Put a small example in the Examples section of a high-level plotting function's docstring.,must,code,Documentation and docstrings,"""More complex examples should go into a dedicated example file in the :file:`examples` directory"" - the docstring example is deliberately the minimal one.",Distinct from the gallery-example checklist item: this one governs the docstring.
MATPLOTLIB-C160,https://matplotlib.org/devdocs/devel/pr_guide.html | Detailed guidelines > Documentation,"More complex examples should go into a dedicated example file in the :file:`examples` directory, which will be rendered to the examples gallery in the documentation.",Put complex examples in a dedicated file in the examples directory rather than in the docstring.,must,docs,Documentation and docstrings,Stated as the counterpart of the simple-docstring-example rule immediately above it.,
MATPLOTLIB-C161,https://matplotlib.org/devdocs/devel/pr_guide.html | Detailed guidelines > Documentation,Build the docs and make sure all formatting warnings are addressed.,Build the documentation and clear every formatting warning.,must,docs,Documentation and docstrings,"``SPHINXOPTS`` defaults to ``-W --keep-going``, so on the Write documentation page a warning already fails the build; CircleCI runs the same build.",
MATPLOTLIB-C162,https://matplotlib.org/devdocs/devel/pr_guide.html | Detailed guidelines > Automated tests,"Before being merged, a PR should pass the :ref:`automated-tests`. If you are unsure why a test is failing, ask on the PR or in our :ref:`communication-channels`",Get the automated test suite passing before the pull request is merged.,must,CI,PR and release metadata,The development workflow page lists the five blocking pipelines and notes Codecov and CodeQL are informational.,Restates the author checklist's automated-tests gate.
MATPLOTLIB-C163,https://matplotlib.org/devdocs/devel/pr_guide.html | Detailed guidelines > Number of commits and squashing,"Squashing is case-by-case. The balance is between burden on the contributor, keeping a relatively clean history, and keeping a history usable for bisecting. The only time we are really strict about it is to eliminate binary files (ex multiple test image re-generations) and to remove upstream merges.","Squash commits that add and then replace binary files, and squash out upstream merges.",must,commit,Git and commit conventions,"""Squashing is case-by-case"" everywhere except the two named cases, where the docs say they are ""really strict"".",Applies only where the branch contains repeated binary regenerations or an upstream merge.
MATPLOTLIB-C164,https://matplotlib.org/devdocs/devel/pr_guide.html | Branches and backports > Branch selection for pull requests,"Generally, all pull requests should target the main branch. Other branches are fed through automatic or manual backports. Directly targeting other branches is only rarely necessary for special maintenance work.",Do not target a maintenance branch directly with a pull request.,must,PR,PR and release metadata,"The named exception is ""special maintenance work"", which the same page routes through the backport machinery instead.",Restates the author checklist's main-branch gate from the branch-policy side.
MATPLOTLIB-C165,https://matplotlib.org/devdocs/devel/pr_guide.html | Branches and backports > Backport strategy,"The only changes backported to the documentation branch (*v3.N.M-doc*) are changes to :file:`doc` or :file:`galleries`. Any changes to :file:`lib` or :file:`src`, including docstring-only changes, must not be backported to this branch.","Do not backport any change to lib or src, including docstring-only changes, to the documentation branch.",prohibited,workflow,Specialized changes,"""including docstring-only changes"" closes the obvious loophole; the rule is stated with an explicit ""must not"".",Applies only when backporting to a v3.N.M-doc branch.
MATPLOTLIB-C166,https://matplotlib.org/devdocs/devel/testing.html | Run the tests,In the root directory of your development repository run:: pytest,Run the test suite with a bare pytest from the repository root.,must,test,Tests and test style,"""Matplotlib uses the pytest_ framework."" The listed flags (-v, -n, -s) are conveniences layered on the same invocation.","Named by the development workflow page's ""Run the tests"" step."
MATPLOTLIB-C167,https://matplotlib.org/devdocs/devel/testing.html | Write tests,"Tests are located in :file:`lib/matplotlib/tests`. They are organized to mirror the structure of the code in :file:`lib/matplotlib`. For example, tests for the ``mathtext.py`` module are in :file:`lib/matplotlib/tests/test_mathtext.py`.",Put a test in the file under lib/matplotlib/tests that mirrors the module it tests.,must,test,Tests and test style,The worked example fixes the mapping exactly: ``mathtext.py`` to ``tests/test_mathtext.py``.,
MATPLOTLIB-C168,https://matplotlib.org/devdocs/devel/testing.html | Write tests,"Naming follows standard pytest conventions: files begin with ``""test_""``",Name a test module with a ``test_`` prefix.,must,test,Tests and test style,"""Naming follows standard pytest conventions"" - a file outside the pattern is never collected. The ``name-tests-test`` pre-commit hook enforces it with ``--pytest-test-first``.","Auto-fix: none - name-tests-test reports, it does not rename."
MATPLOTLIB-C169,https://matplotlib.org/devdocs/devel/testing.html | Write tests,"test functions begin with ``""test_""``",Name a test function with a ``test_`` prefix.,must,test,Tests and test style,Same pytest discovery convention; an unprefixed function is silently never run.,
MATPLOTLIB-C170,https://matplotlib.org/devdocs/devel/testing.html | Write tests,"test classes begin with ``""Test""``.",Name a test class with a ``Test`` prefix.,must,test,Tests and test style,"Same pytest discovery convention, and the following sentence permits classes as well as functions.",
MATPLOTLIB-C171,https://matplotlib.org/devdocs/devel/testing.html | Write tests,"We prefer simple test functions, but test classes are also acceptable.",Prefer plain test functions over test classes.,maybe,test,Tests and test style,"""test classes are also acceptable"" is written into the same sentence, so both forms pass.",
MATPLOTLIB-C172,https://matplotlib.org/devdocs/devel/testing.html | Write tests,"Test function names should be descriptive of what they are testing, and long names like ``test_to_rgba_array_accepts_color_alpha_tuple_with_multiple_colors()`` are perfectly fine.",Give a test function a name that describes what it tests.,maybe,test,Tests and test style,"The only guidance is that length is not a reason to shorten; ""descriptive"" is not otherwise defined.",
MATPLOTLIB-C173,https://matplotlib.org/devdocs/devel/testing.html | Write tests > Data in tests,"Try to use minimal explicit data, such as ``[1, 2, 3]``, ``range(5)`` or ``np.arange(5)``, because it makes the test more readable.",Use minimal explicit data in a test where you can.,maybe,test,Tests and test style,"""Try to"" opens the sentence, and the next paragraph provides for cases needing more and non-trivial data.",
MATPLOTLIB-C174,https://matplotlib.org/devdocs/devel/testing.html | Write tests > Data in tests,"When you need more and non-trivial data, generate it programmatically, e.g. :: x = np.linspace(0, 2*np.pi, 101)",Generate non-trivial test data programmatically rather than pasting it in.,must,test,Tests and test style,"Positioned as the second rung of a ladder: minimal literals first, programmatic generation next, random numbers last.",Applies only where the test needs more than minimal explicit data.
MATPLOTLIB-C175,https://matplotlib.org/devdocs/devel/testing.html | Write tests > Data in tests,Use random numbers only when an algorithmic way to generate the data is too cumbersome or impossible.,Use random numbers in a test only where generating the data algorithmically is impractical.,must,test,Tests and test style,"""only when"" is the operative restriction, and the following sentences say what to do in that case.",
MATPLOTLIB-C176,https://matplotlib.org/devdocs/devel/testing.html | Write tests > Data in tests,"In this case, set the seed to a fixed value to make the test deterministic.",Fix the random seed in any test that uses random numbers.,must,test,Tests and test style,The stated purpose is determinism; an unseeded generator makes the test flaky by construction.,Applies only where the test uses random numbers.
MATPLOTLIB-C177,https://matplotlib.org/devdocs/devel/testing.html | Write tests > Data in tests,For numpy's default random number generator use :: import numpy as np; rng = np.random.default_rng(19680801),Seed numpy's default random generator with 19680801.,must,test,Tests and test style,"""The seed is John Hunter's birthday"" - it is a single project-wide constant, not an arbitrary value.",Applies only where the test uses numpy's default random generator.
MATPLOTLIB-C178,https://matplotlib.org/devdocs/devel/testing.html | Write tests > Testing with figures and Axes,"When you need figures and/or Axes, create them through the standard methods (``plt.figure()``, ``plt.subplots()``, etc.).",Create test figures and Axes through the standard pyplot constructors.,must,test,Tests and test style,"Cleanup is handled by the ``matplotlib.testing.conftest.mpl_test_settings`` fixture, which is keyed on figures created this way.",
MATPLOTLIB-C179,https://matplotlib.org/devdocs/devel/testing.html | Write tests > Testing with figures and Axes,"Creating figures and Axes is rather expensive (>100ms). Only create as many as you need for the test, and reuse them if possible.","Create only as many figures and Axes as the test needs, and reuse them where possible.",must,test,Tests and test style,"""if possible"" attaches to the reuse half; the paragraph then explicitly permits multiple Act-Assert blocks in one test.",
MATPLOTLIB-C180,https://matplotlib.org/devdocs/devel/testing.html | Write tests > Testing with figures and Axes,"Assert values rather than visual results when feasible. This is clearer, less computationally expensive and less fragile than comparing images",Assert on values rather than on rendered images where that is feasible.,must,test,Tests and test style,"""when feasible"" hedges it, but the section states the consequence of not doing so: image comparison is more expensive and more fragile.",
MATPLOTLIB-C181,https://matplotlib.org/devdocs/devel/testing.html | Write tests > Testing with reference images,"The main consideration is that you must specify the ""baseline"", or expected, images in the `~matplotlib.testing.decorators.image_comparison` decorator.",Name the expected baseline images in the image_comparison decorator.,must,test,Tests and test style,"""The first time this test is run, there will be no baseline image to compare against, so the test will fail.""",Applies only to image-comparison tests.
MATPLOTLIB-C182,https://matplotlib.org/devdocs/devel/testing.html | Write tests > Testing with reference images,Copy the output images (in this case :file:`result_images/test_lines/test_line_dashes.png`) to the correct subdirectory of :file:`baseline_images` tree in the source directory... Put this new file under source code revision control (with ``git add``).,Commit the new baseline image into the matching baseline_images subdirectory.,must,test,Tests and test style,"""When rerunning the tests, they should now pass"" - an uncommitted baseline leaves the test failing for everyone else.",Applies only where the contribution adds an image-comparison test.
MATPLOTLIB-C183,https://matplotlib.org/devdocs/devel/testing.html | Write tests > Testing with reference images,"If you wish to compare multiple file formats, then omit the extension from the baseline image name and optionally pass the *extensions* argument",Omit the file extension from the baseline image name when comparing several formats.,must,test,Tests and test style,"The *extensions* argument is described as optional, but dropping the extension from the name is not.",Applies only where the test compares more than one output format.
MATPLOTLIB-C184,https://matplotlib.org/devdocs/devel/testing.html | Write tests > Testing with reference images,It is preferred that new tests use ``style='mpl20'`` as this leads to smaller figures and reflects the newer look of default Matplotlib plots.,Set ``style='mpl20'`` on a new image-comparison test.,maybe,test,Tests and test style,"""It is preferred"" with the reason given; the decorator accepts any style, so other values still run.",Applies only to new image-comparison tests.
MATPLOTLIB-C185,https://matplotlib.org/devdocs/devel/testing.html | Write tests > Testing with reference images,"if the texts (labels, tick labels, etc) are not really part of what is tested, use the ``remove_text=True`` argument or add the ``text_placeholders`` fixture as this will lead to smaller figures and reduce possible issues with font mismatch on different platforms.",Strip text from an image-comparison test whose subject is not the text.,maybe,test,Tests and test style,"Whether the text is ""really part of what is tested"" is left to the author; two mechanisms are offered for when it is not.",Applies only to image-comparison tests whose subject is not text rendering.
MATPLOTLIB-C186,https://matplotlib.org/devdocs/devel/testing.html | Write tests > Testing by comparing two methods to create an image,Baseline images take a lot of space in the Matplotlib repository. An alternative approach for image comparison tests is to use the `~matplotlib.testing.decorators.check_figures_equal` decorator,Prefer check_figures_equal over a stored baseline image where the figure can be built two ways.,maybe,test,Tests and test style,"The repository-size argument is the stated reason, but the section presents it as an alternative rather than a replacement.",
MATPLOTLIB-C187,https://matplotlib.org/devdocs/devel/testing.html | Write tests > Testing by comparing two methods to create an image,"the `~matplotlib.testing.decorators.check_figures_equal` decorator, which should be used to decorate a function taking two `.Figure` parameters and draws the same images on the figures using two different methods (the tested method and the baseline method).","Give a check_figures_equal test exactly two Figure parameters, one drawn by the tested method and one by the baseline method.",must,test,Tests and test style,"""The decorator will arrange for setting up the figures and then collect the drawn results and compare them"" - the signature is what the decorator injects into.",Applies only to tests using check_figures_equal.
MATPLOTLIB-C188,https://matplotlib.org/devdocs/devel/testing.html | Write tests > Testing by comparing two methods to create an image,"Both comparison decorators have a tolerance argument ``tol`` that is used to specify the tolerance for difference in color value between the two images, where 255 is the maximal difference. The test fails if the average pixel difference is greater than this value.",Set an image-comparison tolerance with the ``tol`` argument rather than by any other means.,must,test,Tests and test style,The failure condition is stated exactly: the test fails when the average pixel difference exceeds ``tol``.,Applies only where an image-comparison test needs a non-zero tolerance.
MATPLOTLIB-C189,https://matplotlib.org/devdocs/devel/api_changes.html | Add new API,Mark helper functions and internal attributes as private by prefixing them with an underscore.,Prefix helper functions and internal attributes with an underscore.,must,code,Language and framework style,"""Every new function, parameter and attribute that is not explicitly marked as private (i.e., starts with an underscore) becomes part of Matplotlib's public API.""",
MATPLOTLIB-C190,https://matplotlib.org/devdocs/devel/api_changes.html | Add new API,Carefully think about good names for your functions and variables. Try to adopt patterns and naming conventions from existing parts of the Matplotlib API.,Name new functions and variables after existing Matplotlib patterns.,maybe,code,Language and framework style,"""As discussed above, changing the existing API is cumbersome. Therefore, take particular care when adding new API"". No pattern list is given.",
MATPLOTLIB-C191,https://matplotlib.org/devdocs/devel/api_changes.html | Add new API,Consider making as many arguments keyword-only as possible.,Make new arguments keyword-only where you can.,maybe,code,Language and framework style,"""Consider"" plus a link to an external essay on adding parameters compatibly; no threshold is set.",
MATPLOTLIB-C192,https://matplotlib.org/devdocs/devel/api_changes.html | Add new API > Add new rcParams,"When adding a new rcParam, the following files must be updated: 1. :file:`lib/matplotlib/rcsetup.py` - Add a validator entry to the ``_validators`` dict and a corresponding ``_Param`` entry with default value and description.",Register a new rcParam with a validator and a _Param entry in rcsetup.py.,must,code,Specialized changes,"""the following files must be updated"" heads a three-item list, all three of which are mandatory.",Applies only if the change adds an rcParam.
MATPLOTLIB-C193,https://matplotlib.org/devdocs/devel/api_changes.html | Add new API > Add new rcParams,2. :file:`lib/matplotlib/mpl-data/matplotlibrc` - Add a commented-out entry showing the default value.,Add a commented-out entry for a new rcParam to matplotlibrc.,must,code,Specialized changes,Second of the three files the section says must be updated together.,Applies only if the change adds an rcParam.
MATPLOTLIB-C194,https://matplotlib.org/devdocs/devel/api_changes.html | Add new API > Add new rcParams,3. :file:`lib/matplotlib/typing.py` - Add the key to the ``RcKeyType`` Literal so that it is recognized as a valid rcParam key.,Add a new rcParam key to the RcKeyType Literal in typing.py.,must,code,Specialized changes,The consequence is stated inline: without it the key is not recognised as a valid rcParam key.,Applies only if the change adds an rcParam.
MATPLOTLIB-C195,https://matplotlib.org/devdocs/devel/api_changes.html | Add new API > Add or change pyplot method signature,"When changing the signature of a method wrapped by pyplot, run :file:`lib/matplotlib/tests/test_pyplot.py::test_pyplot_up_to_date`.",Run test_pyplot_up_to_date after changing the signature of a pyplot-wrapped method.,must,test,Specialized changes,"The section names the exact test node id, and the next sentence says what to do when it fails.",Applies only if the change alters the signature of a method wrapped by pyplot.
MATPLOTLIB-C196,https://matplotlib.org/devdocs/devel/api_changes.html | Add new API > Add or change pyplot method signature,"If the test fails and you had intended to change the signatures, run :file:`tools/boilerplate.py` to generate new pyplot wrappers and commit the changes.",Regenerate the pyplot wrappers with tools/boilerplate.py and commit them.,must,code,Specialized changes,"Conditional on the test failing, which is itself the documented signal that the wrappers are stale.",Applies only if test_pyplot_up_to_date fails after an intended signature change.
MATPLOTLIB-C197,"https://matplotlib.org/devdocs/devel/api_changes.html | Add new API > Add or change colormaps, color sequences, and styles","Visual changes are considered an API break. Therefore, we generally do not modify existing colormaps, color sequences, or styles.","Do not modify an existing colormap, color sequence or style.",maybe,code,Specialized changes,"The page opens by stating that ""the appearance of the figure is part of the API and any changes, either semantic or aesthetic, are backwards-incompatible API changes"".",
MATPLOTLIB-C198,"https://matplotlib.org/devdocs/devel/api_changes.html | Add new API > Add or change colormaps, color sequences, and styles","open license: colormaps, sequences, and styles must have a BSD compatible license (see :ref:`license-discussion`)","Give any new colormap, color sequence or style a BSD compatible license.",must,code,Specialized changes,"One of four evaluation criteria, but the only one stated with ""must""; the others are weighed case by case.","Applies only if the change adds a colormap, color sequence or style."
MATPLOTLIB-C199,"https://matplotlib.org/devdocs/devel/api_changes.html | Add new API > Add or change colormaps, color sequences, and styles","We put a high bar on adding new colormaps and styles to prevent excessively growing them. While the decision is case-by-case, evaluation criteria include: novelty... usability and accessibility... evidence of wide spread usage","Justify a new colormap or style against novelty, accessibility and evidence of widespread usage.",maybe,code,Specialized changes,"""While the decision is case-by-case"" - the criteria are explicitly a non-exhaustive list feeding a judgment.","Applies only if the change adds a colormap, color sequence or style."
MATPLOTLIB-C200,https://matplotlib.org/devdocs/devel/api_changes.html | Deprecate API > Rules,Deprecations are targeted at the next :ref:`meso release <pr-milestones>` (e.g. 3.Y),Target a deprecation at the next meso release.,must,code,Specialized changes,"""API changes in Matplotlib have to be performed following the deprecation process below, except in very rare circumstances as deemed necessary by the development team.""",Applies only if the change deprecates API.
MATPLOTLIB-C201,https://matplotlib.org/devdocs/devel/api_changes.html | Deprecate API > Rules,Deprecated API is generally removed (expired) two point-releases after introduction of the deprecation.,Expire a deprecation two point releases after it was introduced.,maybe,code,Specialized changes,"""Longer deprecations can be imposed by core developers on a case-by-case basis to give more time for the transition.""",Applies only if the change expires a deprecation.
MATPLOTLIB-C202,https://matplotlib.org/devdocs/devel/api_changes.html | Deprecate API > Rules,The old API must remain fully functional during the deprecation period,Keep the deprecated API fully functional throughout the deprecation period.,must,code,Specialized changes,"""This ensures that users are notified before the change will take effect and thus prevents unexpected breaking of code.""",Applies only if the change introduces a deprecation.
MATPLOTLIB-C203,https://matplotlib.org/devdocs/devel/api_changes.html | Deprecate API > Rules,"If alternatives to the deprecated API exist, they should be available during the deprecation period",Ship the replacement for a deprecated API before the deprecation period ends.,must,code,Specialized changes,"Conditional on an alternative existing at all, which the introduce-deprecation section says should be named in the notice and the decorators.",Applies only where an alternative to the deprecated API exists.
MATPLOTLIB-C204,https://matplotlib.org/devdocs/devel/api_changes.html | Deprecate API > Rules,"If in doubt, decisions about API changes are finally made by the `API consistency lead <https://matplotlib.org/governance/people.html>`_ developer.",Defer a contested API change decision to the API consistency lead.,must,code,Specialized changes,Stated as the tie-break of last resort in a list otherwise made of mechanical rules.,
MATPLOTLIB-C205,https://matplotlib.org/devdocs/devel/api_changes.html | Deprecate API > Introduce deprecation,Create a :ref:`deprecation notice <api_whats_new>`,Write a deprecation notice when introducing a deprecation.,must,docs,PR and release metadata,The announcement table routes an introduced deprecation to :file:`doc/api/next_api_changes/deprecation`.,Applies only if the change introduces a deprecation.
MATPLOTLIB-C206,https://matplotlib.org/devdocs/devel/api_changes.html | Deprecate API > Introduce deprecation,"If possible, issue a `~matplotlib.MatplotlibDeprecationWarning` when the deprecated API is used.",Raise a MatplotlibDeprecationWarning when deprecated API is used.,must,code,Specialized changes,"""If possible"" opens the item, but the six helper tools listed underneath cover classes, functions, methods, properties, attributes and signature changes.",Applies only if the change introduces a deprecation.
MATPLOTLIB-C207,https://matplotlib.org/devdocs/devel/api_changes.html | Deprecate API > Introduce deprecation,"There are a number of helper tools for this: Use ``_api.warn_deprecated()`` for general deprecation warnings; Use the decorator ``@_api.deprecated`` to deprecate classes, functions, methods, or properties; Use ``@_api.deprecate_privatize_attribute``...; To warn on changes of the function signature, use the decorators ``@_api.delete_parameter``, ``@_api.rename_parameter``, and ``@_api.make_keyword_only``",Use the matching _api deprecation helper for the kind of API being deprecated.,must,code,Specialized changes,"The helpers are enumerated against the thing being deprecated, so the choice is determined rather than free.","Applies only if the change introduces a deprecation. One conformance rule, not one per helper."
MATPLOTLIB-C208,https://matplotlib.org/devdocs/devel/api_changes.html | Deprecate API > Introduce deprecation,"All these helpers take a first parameter *since*, which should be set to the next point release, e.g. ""3.x"".",Set the deprecation helper's *since* parameter to the next point release.,must,code,Specialized changes,Applies uniformly across all six helpers listed above it.,Applies only if the change introduces a deprecation.
MATPLOTLIB-C209,https://matplotlib.org/devdocs/devel/api_changes.html | Deprecate API > Introduce deprecation,Make appropriate changes to the type hints in the associated ``.pyi`` file. The general guideline is to match runtime reported behavior.,Update the .pyi stub so it matches the runtime behaviour after a deprecation.,must,code,Specialized changes,The three bullets that follow say exactly which decorators need a stub change on introduction and which do not.,Applies only if the change introduces a deprecation on typed API.
MATPLOTLIB-C210,https://matplotlib.org/devdocs/devel/api_changes.html | Deprecate API > Introduce deprecation,"Items decorated with ``@_api.rename_parameter`` or ``@_api.make_keyword_only`` report the *new* (post deprecation) signature at runtime, and thus *should* be updated on introduction.",Update the stub signature for rename_parameter and make_keyword_only deprecations at introduction.,must,code,Specialized changes,"Contrasted against ``@_api.deprecated``, which is explicitly said to need no stub change on introduction.",Applies only where the deprecation uses rename_parameter or make_keyword_only.
MATPLOTLIB-C211,https://matplotlib.org/devdocs/devel/api_changes.html | Deprecate API > Introduce deprecation,"Items decorated with ``@_api.delete_parameter`` should include a default value hint for the deleted parameter, even if it did not previously have one (e.g. ``param: <type> = ...``).",Give a delete_parameter-deprecated parameter a default value hint in the stub.,must,code,Specialized changes,"""even if it did not previously have one"" removes the obvious exception, and the exact spelling is given.",Applies only where the deprecation uses delete_parameter.
MATPLOTLIB-C212,https://matplotlib.org/devdocs/devel/api_changes.html | Deprecate API > Expire deprecation,"Create a :ref:`deprecation announcement <api_whats_new>`. For the content, you can usually copy the deprecation notice and adapt it slightly.",Write a deprecation announcement when a deprecation expires.,must,docs,PR and release metadata,"""Generally the introduction notices can be repurposed for the expiration notice as they are expected to be describing the same API changes and removals.""",Applies only if the change expires a deprecation.
MATPLOTLIB-C213,https://matplotlib.org/devdocs/devel/api_changes.html | Deprecate API > Expire deprecation,Change the code functionality and remove any related deprecation warnings.,Remove the deprecation warnings along with the API when a deprecation expires.,must,code,Specialized changes,"""The API changes described in the introduction notice are only implemented after the introduction period has expired.""",Applies only if the change expires a deprecation.
MATPLOTLIB-C214,https://matplotlib.org/devdocs/devel/api_changes.html | Deprecate API > Expire deprecation,Items marked with ``@_api.deprecated`` or ``@_api.deprecate_privatize_attribute`` are to be removed on expiry.,Remove deprecated and privatised items from the stub on expiry.,must,code,Specialized changes,"These are the items the introduction step deliberately left in the stub, so expiry is when they go.",Applies only if the change expires a deprecation on typed API.
MATPLOTLIB-C215,https://matplotlib.org/devdocs/devel/api_changes.html | Deprecate API > Expire deprecation,Any entries in :file:`ci/mypy-stubtest-allowlist.txt` which indicate a deprecation version should be double checked.,Check the mypy stubtest allowlist for entries tied to the expiring deprecation.,maybe,code,Specialized changes,"""In most cases this is not needed, though some items were never type hinted in the first place and were added to this file instead.""",Applies only if the change expires a deprecation.
MATPLOTLIB-C216,https://matplotlib.org/devdocs/devel/api_changes.html | Deprecate API > Pending deprecation,"To mark a deprecation as pending, set the following parameters on the appropriate deprecation decorator: * the *pending* parameter is set to ``True`` * the *removal* parameter is left blank",Mark a pending deprecation with pending=True and no removal version.,must,code,Specialized changes,"""By default, pending deprecations do not raise a warning to the user"", so the decorator arguments are the only marker.",Applies only if the change marks a pending deprecation.
MATPLOTLIB-C217,https://matplotlib.org/devdocs/devel/api_changes.html | Deprecate API > Pending deprecation,"When converting a pending deprecation to an introduced deprecation, update the decorator such that: * *pending* is set to ``False`` * *since* is set to the next meso release (3.Y+1) * *removal* is set to at least 2 meso releases after (3.Y+3) introduction.","Set pending=False, since to the next meso release and removal at least two meso releases later when converting a pending deprecation.",must,code,Specialized changes,"All three values are given as exact version arithmetic, not as guidance.",Applies only when converting a pending deprecation to an introduced one.
MATPLOTLIB-C218,https://matplotlib.org/devdocs/devel/api_changes.html | Deprecate API > Pending deprecation,The notice should include *pending deprecation* in the title.,"Put ""pending deprecation"" in the title of a pending deprecation notice.",must,docs,PR and release metadata,"""Pending deprecations are documented in the API change notes in the same manner as introduced and expired deprecations"" - the title is what distinguishes them.",Applies only if the change marks a pending deprecation.
MATPLOTLIB-C219,https://matplotlib.org/devdocs/devel/api_changes.html | Announce new and deprecated API,"When adding or changing the API in a backward in-compatible way, please add the appropriate :ref:`versioning directive <versioning-directives>`",Add a versioning directive for a backward-incompatible API change.,must,code,Documentation and docstrings,The table pairs ``.. versionadded:: 3.N`` with new features and ``.. versionchanged:: 3.N`` with API changes.,Applies only if the change adds or breaks public API.
MATPLOTLIB-C220,https://matplotlib.org/devdocs/devel/api_changes.html | Announce new and deprecated API,document it in the :ref:`release notes <release-notes>` by adding an entry to the appropriate folder: new feature -> :file:`doc/release/next_whats_new/`; API change -> :file:`doc/api/next_api_changes/[kind]`,File the release-note entry in the folder that matches the kind of change.,must,docs,PR and release metadata,"The routing table is exhaustive over the two kinds, and the deprecation table below it covers the two deprecation stages.",Applies only if the change adds a feature or changes the API.
MATPLOTLIB-C221,https://matplotlib.org/devdocs/devel/api_changes.html | Announce new and deprecated API > Versioning directives,The directives should be placed at the end of a description block.,Put a versioning directive at the end of its description block.,must,docs,Documentation and docstrings,The worked docstring shows the directive after the prose and before the Parameters section.,Applies only where a versioning directive is being added.
MATPLOTLIB-C222,https://matplotlib.org/devdocs/devel/api_changes.html | Announce new and deprecated API > Versioning directives,"For classes and functions, the directive should be placed before the *Parameters* section.",Place a class or function versioning directive before the Parameters section.,must,docs,Documentation and docstrings,Given alongside the parameter-level placement rule so the two do not collide.,Applies only where a versioning directive is being added to a class or function.
MATPLOTLIB-C223,https://matplotlib.org/devdocs/devel/api_changes.html | Announce new and deprecated API > Versioning directives,"For parameters, the directive should be placed at the end of the parameter description.",Place a parameter's versioning directive at the end of that parameter's description.,must,docs,Documentation and docstrings,"The worked docstring shows ``.. versionadded:: 3.6`` under the *b* parameter, indented with it.",Applies only where a versioning directive is being added to a parameter.
MATPLOTLIB-C224,https://matplotlib.org/devdocs/devel/api_changes.html | Announce new and deprecated API > Versioning directives,The micro release version is omitted and the directive should not be added to entire modules.,Omit the micro version from a versioning directive and never apply one to a whole module.,prohibited,docs,Documentation and docstrings,Both halves are stated flatly in one sentence with no exception.,Applies only where a versioning directive is being added.
MATPLOTLIB-C225,https://matplotlib.org/devdocs/devel/api_changes.html | Announce new and deprecated API > Release notes,"For both change notes and what's new, please avoid using cross-references in section titles as it causes links to be confusing in the table of contents. Instead, ensure that a cross-reference is included in the descriptive text.",Keep cross-references out of release-note section titles and put them in the descriptive text.,must,docs,PR and release metadata,"The reason is given inline, and the replacement placement is written into the rule.",Both included READMEs restate this sentence verbatim.
MATPLOTLIB-C226,https://matplotlib.org/devdocs/devel/api_changes.html | Announce new and deprecated API > Release notes > API change notes,API change notes for future releases are collected in :file:`doc/api/next_api_changes/`. They are divided into four subdirectories: Deprecations... Removals... Behaviour changes... Development changes,Put an API change note in the next_api_changes subdirectory matching its kind.,must,docs,PR and release metadata,"The four subdirectories are defined with what belongs in each, which is what makes the choice decidable rather than a judgment call.",Rendered inline from doc/api/next_api_changes/README.rst.
MATPLOTLIB-C227,https://matplotlib.org/devdocs/devel/api_changes.html | Announce new and deprecated API > Release notes > API change notes,"Please place new entries in these directories with a new file named ``99999-ABC.rst``, where ``99999`` would be the PR number, and ``ABC`` the author's initials.",Name an API change note file <PR number>-<author initials>.rst.,must,docs,PR and release metadata,"""Typically, each change will get its own file, but you may also amend existing files when suitable.""",Rendered inline from doc/api/next_api_changes/README.rst.
MATPLOTLIB-C228,https://matplotlib.org/devdocs/devel/api_changes.html | Announce new and deprecated API > Release notes > API change notes,Use inline literals (double backticks) to denote code objects in the title.,Denote code objects in a release-note title with double backticks.,must,docs,PR and release metadata,Paired with the ban on cross-references in titles: inline literals are the sanctioned substitute.,Restated verbatim in the What's new README.
MATPLOTLIB-C229,https://matplotlib.org/devdocs/devel/api_changes.html | Announce new and deprecated API > Release notes > What's new notes,"Each new feature (e.g. function, parameter, rcParam, config value, behavior, ...) must be described through a ""What's new"" entry.",Describe every new feature in a What's new entry.,must,docs,PR and release metadata,"""They are sorted and merged into :file:`whats_new.rst` during the release process."" The list of what counts as a feature is deliberately broad.",Rendered inline from doc/release/next_whats_new/README.rst.
MATPLOTLIB-C230,https://matplotlib.org/devdocs/devel/api_changes.html | Announce new and deprecated API > Release notes > What's new notes,Each entry is written into a separate file in the :file:`doc/release/next_whats_new/` directory.,Write each What's new entry into its own file under doc/release/next_whats_new/.,must,docs,PR and release metadata,"""When adding an entry please look at the currently existing files to see if you can extend any of them.""",Rendered inline from doc/release/next_whats_new/README.rst.
MATPLOTLIB-C231,https://matplotlib.org/devdocs/devel/api_changes.html | Announce new and deprecated API > Release notes > What's new notes,"If you create a file, name it something like :file:`cool_new_feature.rst` if you have added a brand new feature or something like :file:`updated_feature.rst` for extensions of existing features.",Name a What's new file after the feature it describes.,maybe,docs,PR and release metadata,"""something like"" twice over; unlike the API change notes, no filename pattern is fixed.",Rendered inline from doc/release/next_whats_new/README.rst.
MATPLOTLIB-C232,https://matplotlib.org/devdocs/devel/api_changes.html | Announce new and deprecated API > Release notes > What's new notes,"A description of the feature from the user perspective. This should include what the feature allows users to do and how the feature is used. Technical details should be left out when they do not impact usage, for example implementation details.",Write a What's new entry from the user's perspective and leave out implementation detail.,maybe,docs,PR and release metadata,"""The description may include a short instructive example, if it helps to understand the feature.""",Rendered inline from doc/release/next_whats_new/README.rst.
MATPLOTLIB-C233,https://matplotlib.org/devdocs/devel/api_changes.html | Discourage API,"To do so, add a note to the docstring :: .. admonition:: Discouraged [description and suggested alternative]",Mark discouraged API with a Discouraged admonition in its docstring.,must,code,Documentation and docstrings,"""You find several examples for good descriptions if you search the codebase for ``.. admonition:: Discouraged``.""",Applies only if the change formally discourages API.
MATPLOTLIB-C234,https://matplotlib.org/devdocs/devel/api_changes.html | Discourage API,"Additionally, if a whole function is discouraged, prefix the summary line with ``[*Discouraged*]`` so that it renders in the API overview",Prefix a discouraged function's summary line with [*Discouraged*].,must,code,Documentation and docstrings,"The stated consequence is the rendering in the API overview, which the admonition alone does not produce.",Applies only where a whole function is being discouraged.
MATPLOTLIB-C235,"https://matplotlib.org/devdocs/devel/coding_guide.html | PEP8, as enforced by ruff","Formatting should follow the recommendations of PEP8_, as enforced by ruff_.",Format Python code to PEP8 as enforced by ruff.,must,code,Language and framework style,"""You can check PEP8 compliance from the command line with ``ruff check /path/to/module.py``"" and the ruff-check pre-commit hook runs on every commit.","Single pointer rule for the external PEP8 standard. Auto-fix: ruff-check runs with --fix, so ruff repairs what it can before the commit lands."
MATPLOTLIB-C236,"https://matplotlib.org/devdocs/devel/coding_guide.html | PEP8, as enforced by ruff",Matplotlib modifies PEP8 to extend the maximum line length to 88 characters.,Keep lines to at most 88 characters.,must,code,Language and framework style,"Stated as a deliberate project amendment to PEP8's 79, with no soft-limit language anywhere on the page.",The ruff configuration in pyproject.toml carries the same 88.
MATPLOTLIB-C237,"https://matplotlib.org/devdocs/devel/coding_guide.html | PEP8, as enforced by ruff","Matplotlib intentionally does not use the black_ auto-formatter (1__), in particular due to its inability to understand the semantics of mathematical expressions (2__, 3__).",Do not reformat Matplotlib code with black.,prohibited,code,Language and framework style,"""intentionally"", with three linked issues giving the reasoning; black is absent from .pre-commit-config.yaml.",
MATPLOTLIB-C238,https://matplotlib.org/devdocs/devel/coding_guide.html | Package imports,Import the following modules using the standard scipy conventions:: import numpy as np; import numpy.ma as ma; import matplotlib as mpl; import matplotlib.pyplot as plt; import matplotlib.cbook as cbook; import matplotlib.patches as mpatches,"Use the listed standard aliases when importing numpy, matplotlib and its submodules.",must,code,Language and framework style,"Six exact alias spellings are given; the isort pre-commit hook runs only over galleries, so nothing rewrites these automatically in library code.",
MATPLOTLIB-C239,https://matplotlib.org/devdocs/devel/coding_guide.html | Package imports,"In general, Matplotlib modules should **not** import `.rcParams` using ``from matplotlib import rcParams``, but rather access it as ``mpl.rcParams``.",Access rcParams as mpl.rcParams rather than importing it directly.,prohibited,code,Language and framework style,"""This is because some modules are imported very early, before the `.rcParams` singleton is constructed."" - the consequence is a broken import order.",
MATPLOTLIB-C240,https://matplotlib.org/devdocs/devel/coding_guide.html | Variable names,"When feasible, please use our internal variable naming convention for objects of a given class and objects of any child class: FigureBase -> ``fig``; Axes -> ``ax``; Transform -> ``trans``, ``trans_<source>_<target>``","Name local variables after the class table: fig for figures, ax for Axes, trans for transforms.",must,code,Language and framework style,"""When feasible"" opens the sentence, and the table itself notes ""If a format isn't specified in the table, use numbers or letters as appropriate"".",
MATPLOTLIB-C241,https://matplotlib.org/devdocs/devel/coding_guide.html | Variable names,"Generally, denote more than one instance of the same class by adding suffixes to the variable names.",Distinguish multiple instances of one class by suffixing the variable name.,maybe,code,Language and framework style,"""If a format isn't specified in the table, use numbers or letters as appropriate"" - the suffix scheme is left open.",
MATPLOTLIB-C242,https://matplotlib.org/devdocs/devel/coding_guide.html | Type hints,"If you add new public API or change public API, update or add the corresponding `mypy <https://mypy.readthedocs.io/en/latest/>`_ type hints.",Update the mypy type hints when you add or change public API.,must,code,Code and quality,"""Type hints for existing functions are also checked by the mypy :ref:`pre-commit hook <pre-commit-hooks>`"" and by the stubtest CI job.","Applies only if the change adds or alters public API. Auto-fix: none - the mypy hook reports, it does not write stubs."
MATPLOTLIB-C243,https://matplotlib.org/devdocs/devel/coding_guide.html | Type hints,"We generally use `stub files <https://typing.readthedocs.io/en/latest/source/stubs.html#type-stubs>`_ (``*.pyi``) to store the type information; for example ``colors.pyi`` contains the type information for ``colors.py``. A notable exception is ``pyplot.py``, which is type hinted inline.",Put type information in the module's .pyi stub file rather than inline.,maybe,code,Code and quality,"The exception is named (``pyplot.py``), and the next section adds that ""New modules *may* be typed inline or using parallel stub file like existing modules"".",
MATPLOTLIB-C244,https://matplotlib.org/devdocs/devel/coding_guide.html | New modules and files: installation,"If you have added new files or directories, or reorganized existing ones, make sure the new files are included in the :file:`meson.build` in the corresponding directories.",List new files and directories in the meson.build of their directory.,must,code,Specialized changes,"Under the heading ""New modules and files: installation"" - an omitted file simply is not installed.",Applies only if the change adds or moves files or directories.
MATPLOTLIB-C245,https://matplotlib.org/devdocs/devel/coding_guide.html | C/C++ extensions,"Code style should conform to PEP7 (understanding that PEP7 doesn't address C++, but most of its admonitions still apply).",Write C and C++ code to PEP7 style.,must,code,Language and framework style,The parenthetical concedes PEP7 does not cover C++ but says most of it still applies.,Single pointer rule for the external PEP7 standard. Applies only if the change touches src/.
MATPLOTLIB-C246,https://matplotlib.org/devdocs/devel/coding_guide.html | C/C++ extensions,Python/C interface code should be kept separate from the core C/C++ code.,Keep Python/C interface code separate from core C/C++ code.,must,code,Language and framework style,"The next bullet fixes the file naming that makes the separation visible, so the two work as a pair.",Applies only if the change adds C or C++ extension code.
MATPLOTLIB-C247,https://matplotlib.org/devdocs/devel/coding_guide.html | C/C++ extensions,The interface code should be named :file:`FOO_wrap.cpp` or :file:`FOO_wrapper.cpp`.,Name Python/C interface files FOO_wrap.cpp or FOO_wrapper.cpp.,must,code,Language and framework style,Two exact filename patterns and no third option.,Applies only if the change adds Python/C interface code.
MATPLOTLIB-C248,https://matplotlib.org/devdocs/devel/coding_guide.html | C/C++ extensions,"Header file documentation (aka docstrings) should be in Numpydoc format. We don't plan on using automated tools for these docstrings, and the Numpydoc format is well understood in the scientific Python community.",Write C/C++ header documentation in Numpydoc format.,must,code,Documentation and docstrings,"""We don't plan on using automated tools for these docstrings"" - nothing checks it, but the format is still named exactly.",Applies only if the change adds or edits C/C++ headers.
MATPLOTLIB-C249,https://matplotlib.org/devdocs/devel/coding_guide.html | C/C++ extensions,"C/C++ code in the :file:`extern/` directory is vendored, and should be kept close to upstream whenever possible. It can be modified to fix bugs or implement new features only if the required changes cannot be made elsewhere in the codebase.",Modify vendored code under extern/ only where the change cannot be made elsewhere.,must,code,Specialized changes,"""only if"" is the operative restriction, and the pre-commit config excludes ``extern`` from every hook.",Applies only if the change touches extern/.
MATPLOTLIB-C250,https://matplotlib.org/devdocs/devel/coding_guide.html | C/C++ extensions,"In particular, avoid making style fixes to it.",Do not make style fixes to vendored code under extern/.,prohibited,code,Specialized changes,Follows directly from keeping the vendored tree close to upstream; the pre-commit exclusion means no hook would have made the change either.,Applies only if the change touches extern/.
MATPLOTLIB-C251,https://matplotlib.org/devdocs/devel/coding_guide.html | C/C++ extensions > Static analysis with clang-tidy,To suppress false-positives use narrow checks and a comment:: *indices++ = value;  // NOLINT(clang-analyzer-security.ArrayBound): loop iterates exactly N times,Suppress a clang-tidy false positive with a narrowly scoped NOLINT comment that gives the reason.,must,code,Specialized changes,"""Matplotlib's C/C++ sources in :file:`src/` are checked with clang-tidy in CI""; the worked example shows both the narrow check name and the justification.",Applies only if the change needs a clang-tidy suppression.
MATPLOTLIB-C252,https://matplotlib.org/devdocs/devel/coding_guide.html | Keyword argument processing,"As a general rule, the use of ``**kwargs`` should be reserved for pass-through keyword arguments, as in the example above.",Reserve **kwargs for pass-through keyword arguments.,maybe,code,Language and framework style,"""As a general rule"" opens the sentence, and the section then describes a mixed case where some keys are consumed locally.",
MATPLOTLIB-C253,https://matplotlib.org/devdocs/devel/coding_guide.html | Keyword argument processing,"If all the keyword args are to be used in the function, and not passed on, use the key/value keyword args in the function definition rather than the ``**kwargs`` idiom.",Declare keyword arguments explicitly when the function consumes all of them.,must,code,Language and framework style,"Stated as the complement of the pass-through rule, with no hedge of its own.",Applies only where no keyword argument is passed through.
MATPLOTLIB-C254,https://matplotlib.org/devdocs/devel/coding_guide.html | Keyword argument processing,"Instead of popping arguments to use off ``**kwargs``, specify them as keyword-only arguments to the local function. This makes it obvious at a glance which arguments will be consumed in the function.",Declare locally consumed arguments as keyword-only instead of popping them off **kwargs.,must,code,Language and framework style,The consequence is stated - readability at a glance - and `Axes.plot`'s *scalex* / *scaley* are given as the worked example.,Applies only where a function consumes some keyword arguments and passes others on.
MATPLOTLIB-C255,https://matplotlib.org/devdocs/devel/coding_guide.html | Use logging for debug messages,"Matplotlib uses the standard Python `logging` library to write verbose warnings, information, and debug messages. Please use it! In all those places you write `print` calls to do your debugging, try using `logging.debug` instead!",Use logging rather than print for debug output.,must,code,Code and quality,"The section is titled ""Use logging for debug messages"" and gives the full setup recipe immediately below.",
MATPLOTLIB-C256,https://matplotlib.org/devdocs/devel/coding_guide.html | Use logging for debug messages,"To include `logging` in your module, at the top of the module, you need to ``import logging``. Then calls in your code like:: _log = logging.getLogger(__name__)  # right after the imports",Create the module logger as ``_log = logging.getLogger(__name__)`` right after the imports.,must,code,Code and quality,"""will log to a logger named ``matplotlib.yourmodulename``"" - the name is derived from ``__name__``, so any other spelling breaks the hierarchy.",
MATPLOTLIB-C257,https://matplotlib.org/devdocs/devel/coding_guide.html | Use logging for debug messages,"Avoid using pre-computed strings (``f-strings``, ``str.format``,etc.) for logging because of security and performance issues, and because they interfere with style handlers. For example, use ``_log.error('hello %s', 'world')`` rather than ``_log.error('hello {}'.format('world'))`` or ``_log.error(f'hello {s}')``.",Pass logging arguments as %-style parameters rather than pre-formatted strings.,prohibited,code,Code and quality,Three reasons are given and both rejected spellings are shown next to the accepted one.,
MATPLOTLIB-C258,https://matplotlib.org/devdocs/devel/coding_guide.html | Use logging for debug messages > Which logging level to use?,"`logging.debug` is the least likely to be displayed, and hence can be the most verbose. ""Expected"" code paths (e.g., reporting normal intermediate steps of layouting or rendering) should only log at this level.",Log expected code paths at debug level only.,must,code,Code and quality,"""only"" fixes the level, and the surrounding list assigns each of the five levels a distinct purpose.",
MATPLOTLIB-C259,https://matplotlib.org/devdocs/devel/coding_guide.html | Use logging for debug messages > Which logging level to use?,`logging.info` is for information that the user may want to know if the program behaves oddly. They are not displayed by default.,Use logging.info for information a user would want only if the program behaves oddly.,maybe,code,Code and quality,The worked case (an object not drawn because its position is NaN) is illustrative; whether a message qualifies is left to the author.,
MATPLOTLIB-C260,https://matplotlib.org/devdocs/devel/coding_guide.html | Use logging for debug messages > Which logging level to use?,"the difference between `logging.warning` and `._api.warn_external` (which uses `warnings.warn`) is that `._api.warn_external` should be used for things the user must change to stop the warning (typically in the source), whereas `logging.warning` can be more persistent.",Use _api.warn_external for warnings the user must change their code to stop.,maybe,code,Code and quality,"""Moreover, note that `._api.warn_external` will by default only emit a given warning *once* for each line of user code, whereas `logging.warning` will display the message every time it is called.""",
MATPLOTLIB-C261,https://matplotlib.org/devdocs/devel/coding_guide.html | Use logging for debug messages > Which logging level to use?,"Therefore, Matplotlib uses `._api.warn_external` which uses `warnings.warn`, but goes up the stack and displays the first line of code outside of Matplotlib.",Raise user-facing warnings through _api.warn_external rather than warnings.warn directly.,must,code,Language and framework style,"""By default, `warnings.warn` displays the line of code that has the ``warn`` call. This usually isn't more informative than the warning message itself."" Both renderings are shown side by side.",
MATPLOTLIB-C262,https://matplotlib.org/devdocs/devel/license.html | Licenses for contributed code,"Matplotlib only uses BSD compatible code. If you bring in code from another project make sure it has a PSF, BSD, MIT or compatible license","Check that any code brought in from another project carries a PSF, BSD, MIT or compatible license.",must,code,Specialized changes,"""If it doesn't, you may consider contacting the author and asking them to relicense it."" The section is included verbatim into the coding guidelines page.",Applies only if the change vendors code from another project.
MATPLOTLIB-C263,https://matplotlib.org/devdocs/devel/license.html | Licenses for contributed code,"GPL and LGPL code are not acceptable in the main code base, though we are considering an alternative way of distributing L/GPL code through a separate channel, possibly a toolkit.",Do not add GPL or LGPL code to the main code base.,prohibited,code,Specialized changes,"The alternative channel is described as under consideration, so it is not an available exception today.",Applies only if the change vendors third-party code.
MATPLOTLIB-C264,https://matplotlib.org/devdocs/devel/license.html | Licenses for contributed code,"If you include code, make sure you include a copy of that code's license in the license directory if the code's license requires you to distribute the license with it.",Add a copy of a vendored dependency's license to the license directory where its license requires distribution.,must,code,Specialized changes,"The obligation is conditional on the incoming license's own terms, which the contributor has to read.",Applies only if the change vendors code whose license requires redistribution of the license text.
MATPLOTLIB-C265,https://matplotlib.org/devdocs/devel/license.html | Licenses for contributed code,"Non-BSD compatible licenses are acceptable in Matplotlib toolkits (e.g., basemap), but make sure you clearly state the licenses you are using.",State the license clearly when using non-BSD-compatible code in a toolkit.,must,code,Specialized changes,The permission for toolkits is granted only together with the disclosure obligation.,Applies only to contributions to a Matplotlib toolkit rather than the main code base.
MATPLOTLIB-C266,https://github.com/matplotlib/matplotlib/blob/main/.github/PULL_REQUEST_TEMPLATE.md | PR summary,<!-- Describe what issue is resolved and why you chose this solution in your own words (no AI please). -->,Describe in the PR summary what issue is resolved and why this solution was chosen.,must,PR,PR and release metadata,"The instruction lives in an HTML comment, so it is invisible in GitHub's rendered view and only present in the raw template.","Extracted from the raw file, not the rendered page."
MATPLOTLIB-C267,https://github.com/matplotlib/matplotlib/blob/main/.github/PULL_REQUEST_TEMPLATE.md | PR summary,<!-- Describe what issue is resolved and why you chose this solution in your own words (no AI please). -->,"Write the PR summary in your own words, without AI.",prohibited,PR,AI-assisted contribution policy,"""(no AI please)"" is parenthetical but unconditional; the contributing guide permits AI only for proof-reading a description you wrote.",Extracted from the raw file. Second obligation in the same comment as the describe-the-issue rule.
MATPLOTLIB-C268,https://github.com/matplotlib/matplotlib/blob/main/.github/PULL_REQUEST_TEMPLATE.md | AI Disclosure,"## AI Disclosure
<!-- Describe if and how AI is used. See https://matplotlib.org/devdocs/devel/contribute.html#use-of-generative-ai -->",Disclose in the PR description whether and how AI was used.,must,PR,AI-assisted contribution policy,"A first-class heading of the template, not a checklist tick-box; the triage guide tells reviewers to ask for it when it is missing.",Extracted from the raw file.
MATPLOTLIB-C269,https://github.com/matplotlib/matplotlib/blob/main/.github/PULL_REQUEST_TEMPLATE.md | PR quality check,"<!-- Please check the relevant boxes below: ""x"" to indicate completion, ""N/A"" if the item is not applicable -->","Mark each PR quality check box ""x"" when done or ""N/A"" when it does not apply.",must,PR,PR and release metadata,The two permitted markers are named exactly; leaving a box blank is not among them.,Extracted from the raw file.
MATPLOTLIB-C270,https://github.com/matplotlib/matplotlib/blob/main/.github/PULL_REQUEST_TEMPLATE.md | PR quality check,"- [ ] Use an expressive title, e.g. ""Fix title font property precedence""",Give the pull request an expressive title.,must,PR,PR and release metadata,"The worked example is a full sentence describing the behaviour changed, which is the same shape the pull request guidelines ask for.",
MATPLOTLIB-C271,https://github.com/matplotlib/matplotlib/blob/main/.github/PULL_REQUEST_TEMPLATE.md | PR quality check,- [ ] New and changed code is [tested](https://matplotlib.org/devdocs/devel/testing.html),Test new and changed code.,must,test,Tests and test style,"Stated unhedged as a merge-checklist item, where the pull request guidelines say only that changes ""should have good test coverage"".",Stricter statement of the same obligation as the pr_guide author checklist.
MATPLOTLIB-C272,https://github.com/matplotlib/matplotlib/blob/main/.github/PULL_REQUEST_TEMPLATE.md | PR quality check,- [ ] Plotting related features are demonstrated in an [example](https://matplotlib.org/devdocs/devel/document.html#write-examples-and-tutorials),Demonstrate a plotting-related feature in a gallery example.,must,docs,Documentation and docstrings,"Stated unhedged here, where the pull request guidelines say only ""consider adding a small example"".",Applies only if the change adds or alters a plotting feature.
MATPLOTLIB-C273,https://github.com/matplotlib/matplotlib/blob/main/.github/PULL_REQUEST_TEMPLATE.md | PR quality check,- [ ] New features and API changes have  [release notes](https://matplotlib.org/devdocs/devel/api_changes.html#announce-changes-deprecations-and-new-features),Add release notes for new features and API changes.,must,docs,PR and release metadata,Points at the API guidelines section that routes each kind of note to a named folder.,Applies only if the change adds a feature or changes the API.
MATPLOTLIB-C274,https://github.com/matplotlib/matplotlib/blob/main/.github/PULL_REQUEST_TEMPLATE.md | PR quality check,- [ ] Documentation complies with [general](https://matplotlib.org/devdocs/devel/document.html#write-rest-pages) and [docstring](https://matplotlib.org/devdocs/devel/document.html#write-docstrings) guidelines,Make documentation comply with the general and docstring guidelines.,must,docs,Documentation and docstrings,"Two links into the Write documentation page, which carries the operative rules.",Umbrella pointer at the documentation rules extracted from document.html.
MATPLOTLIB-C275,https://github.com/matplotlib/matplotlib/blob/main/.github/PULL_REQUEST_TEMPLATE.md | PR summary,"<!-- Tip: Use ""Closes #0000"" to link the related issue -->","Link the related issue from the PR description with a ""Closes #0000"" line.",maybe,PR,PR and release metadata,Marked as a tip; the pull request guidelines state the same obligation with two keyword spellings and the automatic-closing consequence.,Extracted from the raw file.
MATPLOTLIB-C276,https://matplotlib.org/devdocs/devel/tag_guidelines.html | How to tag?,"Place the tag directive at the bottom of each page and add the tags underneath, e.g.:: .. tags:: topic: tagging, purpose: reference",Put the tags directive at the bottom of the page with the tags underneath it.,must,docs,Documentation and docstrings,The worked example fixes both the placement and the directive spelling.,
MATPLOTLIB-C277,https://matplotlib.org/devdocs/devel/tag_guidelines.html | What gets a tag?,Every gallery example should be tagged with: * 1+ content tags,Give every gallery example at least one content tag.,must,docs,Documentation and docstrings,"The Tag Glossary enumerates the content tags, so ""1+ content tags"" resolves against a closed list.",Applies only if the contribution adds a gallery example.
MATPLOTLIB-C278,https://matplotlib.org/devdocs/devel/tag_guidelines.html | What gets a tag?,"* structural, domain, or internal tag(s) if helpful","Add structural, domain or internal tags to a gallery example where they help.",maybe,docs,Documentation and docstrings,"""if helpful"" is the whole test, in contrast with the content-tag requirement immediately above it.",Applies only if the contribution adds a gallery example.
MATPLOTLIB-C279,https://matplotlib.org/devdocs/devel/tag_guidelines.html | Proposing new tags,"Review existing tag list, looking out for similar entries (i.e. ``axes`` and ``axis``).",Check the existing tag list for a similar tag before proposing a new one.,must,docs,Documentation and docstrings,"Step one of a numbered four-step procedure, and the Tag Glossary is the list being reviewed.",Applies only if the contribution proposes a new tag.
MATPLOTLIB-C280,https://matplotlib.org/devdocs/devel/tag_guidelines.html | Proposing new tags,Each tag is two parts: ``subcategory: tag``.,Write a tag as ``subcategory: tag``.,must,docs,Documentation and docstrings,Every tag in the Tag Glossary follows the two-part form without exception.,Applies only if the contribution proposes a new tag.
MATPLOTLIB-C281,https://matplotlib.org/devdocs/devel/tag_guidelines.html | Proposing new tags,Tags should be one or two words.,Keep a tag to one or two words.,must,docs,Documentation and docstrings,"An exact word count, stated without hedge, in a numbered procedure.",Applies only if the contribution proposes a new tag.
MATPLOTLIB-C282,https://matplotlib.org/devdocs/devel/tag_guidelines.html | Proposing new tags,New tags should be added when they are relevant to existing gallery entries too.,Propose a new tag only where it is relevant to existing gallery entries as well.,must,docs,Documentation and docstrings,"""Tagging organization aims to work for 80-90% of cases. Some examples fall outside of the tagging structure.""",Applies only if the contribution proposes a new tag.
MATPLOTLIB-C283,https://matplotlib.org/devdocs/devel/tag_guidelines.html | Proposing new tags,Avoid tags that will link to only a single gallery entry.,Do not create a tag that would apply to only one gallery entry.,prohibited,docs,Documentation and docstrings,"""Niche or specific examples shouldn't be given standalone tags that won't apply to other examples"" restates it at the end of the section.",Applies only if the contribution proposes a new tag.
MATPLOTLIB-C284,https://matplotlib.org/devdocs/devel/min_dep_policy.html | Python and NumPy,"In :file:`pyproject.toml`, the ``requires-python`` variable should be set to the minimum supported version of Python.",Set requires-python in pyproject.toml to the minimum supported Python version.,must,code,Specialized changes,"""Matplotlib follows NEP 29"" and the page carries a table fixing the minimum for every release.",Applies only if the change alters the minimum supported Python version.
MATPLOTLIB-C285,https://matplotlib.org/devdocs/devel/min_dep_policy.html | Python and NumPy,"Minimum Python and NumPy version support should be adjusted upward on every major and minor release, but never on a patch release.",Never raise the minimum Python or NumPy version in a patch release.,prohibited,workflow,Specialized changes,"""For the purpose of this document, 'minor version' is in the sense of SemVer... It includes both major/macro and minor/meso releases.""",Applies only where the target release is a patch release.
MATPLOTLIB-C286,https://matplotlib.org/devdocs/devel/min_dep_policy.html | Update Python and NumPy versions,"To update the minimum versions of Python we need to update: ``pyproject.toml`` (classifiers, requires-python, ``[tool.ruff]`` target-version); ``environment.yml``; ``doc/install/dependencies.rst``; ``doc/devel/min_dep_policy.rst`` (this file); CI configuration files (circle, GHA, azure); ``tox.ini``",Update all six named files together when raising the minimum Python version.,must,code,Specialized changes,The list is exhaustive and names the sub-fields inside pyproject.toml that must move together.,Applies only if the change raises the minimum Python version.
MATPLOTLIB-C287,https://matplotlib.org/devdocs/devel/min_dep_policy.html | Update Python and NumPy versions,To update the minimum NumPy we need to update: ``pyproject.toml``; ``environment.yml``; ``doc/install/dependencies.rst``; ``doc/devel/min_dep_policy.rst`` (this file); ``requirements/testing/minver.txt``; ``lib/matplotlib/__init__.py`` (matplotlib._check_versions()),Update all six named files together when raising the minimum NumPy version.,must,code,Specialized changes,A different six-file list from the Python one; ``minver.txt`` and ``_check_versions()`` appear only here.,Applies only if the change raises the minimum NumPy version.
MATPLOTLIB-C288,https://matplotlib.org/devdocs/devel/min_dep_policy.html | Update Python and NumPy versions,The work to leverage new features or remove workarounds for no-longer supported versions should be done in a follow-on PRs to keep the version bump PRs well scoped.,Keep cleanup of workarounds out of a version-bump pull request.,must,PR,Specialized changes,The reason is stated inline: keeping the version bump PRs well scoped.,Applies only to a minimum-version bump.
MATPLOTLIB-C289,https://matplotlib.org/devdocs/devel/min_dep_policy.html | Update Python and NumPy versions,In both cases add an api_changes/development with the following template:: Increase to minimum supported versions of dependencies,Add an api_changes/development note using the given template for a minimum-version bump.,must,docs,PR and release metadata,"A full rst template is supplied, including the comparison table and the links to the policy and SPEC0.",Applies only to a minimum-version bump.
MATPLOTLIB-C290,https://matplotlib.org/devdocs/devel/development_setup.html | Install pre-commit hooks,Install pre-commit hooks :: python -m pip install prek; prek install,Install the prek pre-commit hooks in your clone.,must,workflow,Code and quality,"""prek hooks save time in the review process by identifying issues with the code before a pull request is formally opened."" The pull request guidelines list passing prek checks as a gate.",
MATPLOTLIB-C291,https://matplotlib.org/devdocs/devel/development_setup.html | Install pre-commit hooks,"When a hook has found and fixed an error in a file, that file must be *staged and committed* again.",Re-stage and re-commit any file a pre-commit hook modified.,must,commit,Code and quality,"""Hooks are run automatically after the ``git commit`` stage of the editing workflow"" - the fix lands in the working tree, not in the commit.","Applies only where the contributor has installed the hooks and a hook rewrote a file. Auto-fix: ruff-check --fix, trailing-whitespace, end-of-file-fixer, mixed-line-ending and oxipng all rewrite files at this point."
MATPLOTLIB-C292,https://matplotlib.org/devdocs/devel/development_setup.html | Install pre-commit hooks,Please note that the ``mypy`` pre-commit hook cannot check the :ref:`type-hints` for new functions; instead the stubs for new functions are checked using the ``stubtest`` :ref:`CI check <automated-tests>` and can be checked locally using ``tox -e stubtest``.,Check stubs for new functions locally with ``tox -e stubtest``.,maybe,test,Code and quality,"""can be checked locally"" is permission rather than instruction; the binding check is the stubtest CI job.",Applies only if the change adds new functions with type hints.
MATPLOTLIB-C293,https://matplotlib.org/devdocs/devel/index.html | Policies and guidelines,"AI may be used responsibly as a supportive tool, but we expect authentic contributions. For guidance, see our :ref:`AI policy <generative_ai>`.",Use AI only as a supportive tool and keep the contribution authentic.,maybe,workflow,AI-assisted contribution policy,An admonition at the head of the policies section that forwards to the generative-AI section of the contributing guide for the operative text.,Restates the contributing guide's authentic-engagement rule.
