ID,Source,Original text,Atomic rule,Naive strength,Applies to,Shared Category,Section context,Notes
SCIKIT-LEARN-C001,https://scikit-learn.org/dev/developers/contributing.html | Automated Contributions Policy,Please refrain from submitting issues or pull requests generated by fully-automated tools.,Do not submit a pull request generated by a fully-automated tool.,prohibited,PR,AI-assisted contribution policy,"""Maintainers reserve the right, at their sole discretion, to close such submissions and to block any account responsible for them."" and, at the end of the section, ""PRs that appear to violate this policy will be closed without review.""",Umbrella prohibition of the section; the disclosure and review clauses below are separate obligations.
SCIKIT-LEARN-C002,https://scikit-learn.org/dev/developers/contributing.html | Automated Contributions Policy,"Contributing to scikit-learn requires human judgment, contextual understanding, and
familiarity with scikit-learn's structure and goals. It is not suitable for
automatic processing by AI tools.",Do not have an AI tool process a contribution automatically without human judgment.,prohibited,"PR,workflow",AI-assisted contribution policy,"Opening sentence of the policy; the operative prohibition is restated one paragraph later as ""Please refrain from submitting issues or pull requests generated by fully-automated tools.""","Same obligation as the refrain-from-submitting clause, stated as a principle."
SCIKIT-LEARN-C003,https://scikit-learn.org/dev/developers/contributing.html | Automated Contributions Policy,"Review all code or documentation changes made by AI tools and
make sure you understand all changes and can explain them on request, before
submitting them under your name.",Review and understand every AI-made change before submitting it under your name.,must,"PR,code,docs",AI-assisted contribution policy,"The next sentence gives the reason: ""as this wastes maintainers' time."" No definition of what counts as having understood a change.",Trigger: applies whenever any part of the change was produced by an AI tool.
SCIKIT-LEARN-C004,https://scikit-learn.org/dev/developers/contributing.html | Automated Contributions Policy,"Do not submit any AI-generated code that you haven't
personally reviewed, understood and tested, as this wastes maintainers' time.","Do not submit AI-generated code you have not personally reviewed, understood and tested.",prohibited,"code,PR",AI-assisted contribution policy,Immediately follows the review-and-understand sentence in the same paragraph and restates it as a prohibition.,Adds 'tested' to the preceding clause; otherwise the same obligation.
SCIKIT-LEARN-C005,https://scikit-learn.org/dev/developers/contributing.html | Automated Contributions Policy,"Please do not paste AI generated text in the description of issues, PRs or in comments
as this makes it harder for reviewers to assess your contribution.","Do not paste AI-generated text into a PR description, issue or comment.",prohibited,PR,AI-assisted contribution policy,"""We are happy for it to be used to improve grammar or if you are not a native English speaker."" - the exception is written into the same paragraph.","Governs the PR description and comment threads, not the diff."
SCIKIT-LEARN-C006,https://scikit-learn.org/dev/developers/contributing.html | Automated Contributions Policy,"If you used AI tools, you need to state so in your PR description.",State in the PR description that you used AI tools.,must,PR,AI-assisted contribution policy,"Section closes with ""PRs that appear to violate this policy will be closed without review.""","AGENTS.md and the PR template state the same obligation in more specific form (an exact sentence, and an itemised list of uses)."
SCIKIT-LEARN-C007,https://scikit-learn.org/dev/developers/contributing.html | Licensing your contribution,"Pull requests are accepted under the project's `BSD 3-Clause License
<https://github.com/scikit-learn/scikit-learn/blob/main/COPYING>`_. In order to open a
pull request, you must have the **right to grant that license** for every part of your
contribution.",Hold the right to license every part of your contribution under BSD 3-Clause before opening a PR.,must,PR,PR and release metadata,"""Contributors are solely responsible for that compliance.""","Turns on the contributor's legal position, which no artifact in a run records."
SCIKIT-LEARN-C008,https://scikit-learn.org/dev/developers/contributing.html | Licensing your contribution,"You must own the copyright in the contribution, or your employer or client must have
authorized you to contribute it under the BSD 3-Clause License.",Own the copyright in the contribution or hold your employer's authorization to license it.,must,PR,PR and release metadata,First bullet of the 'In particular' list expanding the right-to-grant requirement.,"Contributor identity and employment, both outside anything a run records."
SCIKIT-LEARN-C009,https://scikit-learn.org/dev/developers/contributing.html | Licensing your contribution,"If you already **assigned** or exclusively licensed the same work to another party
(including platforms whose terms take ownership of ""Work Product"" or equivalent in
exchange for payment), you typically **cannot** grant the BSD 3-Clause License for
that work.",Do not open a PR for work you have already assigned or exclusively licensed to another party.,prohibited,PR,PR and release metadata,"""Opening a pull request in that situation can expose you to legal risk (for example breach of that platform's contract, and misrepresentation to the project).""",Trigger: only applies where the same work was licensed to a paid platform.
SCIKIT-LEARN-C010,https://scikit-learn.org/dev/developers/contributing.html | Licensing your contribution,Confirm authorization **before** opening a PR.,Confirm you are authorized to license the work before opening the PR.,must,"PR,workflow",PR and release metadata,Closes the bullet on prior assignment; the following bullet states maintainers may close PRs that appear to violate project process.,"An action taken before the PR exists, leaving no trace in any artifact."
SCIKIT-LEARN-C011,https://scikit-learn.org/dev/developers/contributing.html | Contributing code and documentation,"The preferred way to contribute to scikit-learn is to fork the `main
repository <https://github.com/scikit-learn/scikit-learn/>`__ on GitHub,
then submit a ""pull request"" (PR).",Contribute by forking the main repository and submitting a pull request from the fork.,maybe,"workflow,PR",Git and commit conventions,"Phrased as ""the preferred way"", and the four numbered steps that follow assume it.",Requires a fork and a PR object.
SCIKIT-LEARN-C012,https://scikit-learn.org/dev/developers/contributing.html | Contributing code and documentation,"To avoid duplicating work, it is highly advised that you search through the
`issue tracker <https://github.com/scikit-learn/scikit-learn/issues>`_ and
the `PR list <https://github.com/scikit-learn/scikit-learn/pulls>`_.","Search the issue tracker and the PR list before starting work, to avoid duplication.",maybe,workflow,PR and release metadata,"""If in doubt about duplicated work, or if you want to work on a non-trivial feature, it's recommended to first open an issue.""",A search performed before any file is touched.
SCIKIT-LEARN-C013,https://scikit-learn.org/dev/developers/contributing.html | Contributing code and documentation > Development workflow,"Synchronize your ``main`` branch with the ``upstream/main`` branch,",Synchronize your local main branch with upstream/main before branching.,must,workflow,Git and commit conventions,"Step 1 of the numbered workflow, given with the exact commands ``git checkout main``, ``git fetch upstream``, ``git merge upstream/main``.",Needs a real remote and branch history.
SCIKIT-LEARN-C014,https://scikit-learn.org/dev/developers/contributing.html | Contributing code and documentation > Development workflow,Create a feature branch to hold your development changes:,Create a feature branch to hold your changes.,must,workflow,Git and commit conventions,"Followed by ""Always use a feature branch. It's good practice to never work on the ``main`` branch!""",Step 2 of the numbered workflow.
SCIKIT-LEARN-C015,https://scikit-learn.org/dev/developers/contributing.html | Contributing code and documentation > Development workflow,"Always use a feature branch. It's good
   practice to never work on the ``main`` branch!",Never commit your development changes on the main branch.,prohibited,workflow,Git and commit conventions,Reinforces the preceding ``git checkout -b my_feature`` instruction in the same numbered step.,Prohibition form of the create-a-branch step.
SCIKIT-LEARN-C016,https://scikit-learn.org/dev/developers/contributing.html | Contributing code and documentation > Development workflow,"When you're done editing, add changed files using
   ``git add`` and then ``git commit``:",Stage the changed files with git add and record them with git commit.,must,commit,Git and commit conventions,Step 3 of the numbered workflow; no criterion is offered for what belongs in one commit.,Nothing in the section says how changes should be split across commits.
SCIKIT-LEARN-C017,https://scikit-learn.org/dev/developers/contributing.html | Contributing code and documentation > Development workflow,":ref:`pre-commit <pre_commit>` may reformat your code automatically when
     you do `git commit`. When this happens, you need to do `git add` followed
     by `git commit` again.",Re-stage and re-commit when pre-commit reformats your files during a commit.,must,"commit,workflow",Git and commit conventions,"""In some rarer cases, you may need to fix things manually, use the error message to figure out what needs to be changed.""",Trigger: only fires when the pre-commit hooks are installed and rewrite a file.
SCIKIT-LEARN-C018,https://scikit-learn.org/dev/developers/contributing.html | Contributing code and documentation > Development workflow,Then push the changes to your GitHub account with:,Push your feature branch to your own GitHub fork.,must,workflow,Git and commit conventions,Given with the exact command ``git push -u origin my_feature`` as part of step 3.,Needs a fork and a remote.
SCIKIT-LEARN-C019,https://scikit-learn.org/dev/developers/contributing.html | Contributing code and documentation > Development workflow,"Follow `these <https://help.github.com/articles/creating-a-pull-request-from-a-fork>`_
   instructions to create a pull request from your fork.",Open the pull request from your fork.,must,PR,PR and release metadata,"""This will send a notification to potential reviewers.""",Step 4 of the numbered workflow.
SCIKIT-LEARN-C020,https://scikit-learn.org/dev/developers/contributing.html | Contributing code and documentation > Development workflow,"It is often helpful to keep your local feature branch synchronized with the
latest changes of the main scikit-learn repository:",Keep your feature branch synchronized with upstream/main while you work.,maybe,workflow,Git and commit conventions,"""Subsequently, you might need to solve the conflicts."" Given with ``git fetch upstream`` and ``git merge upstream/main``.",Needs branch history and a live upstream.
SCIKIT-LEARN-C021,https://scikit-learn.org/dev/developers/contributing.html | Pull request checklist > Code > Before opening a PR,"Your PR relates to at least one existing issue that is ready for
        contribution.",Relate your PR to at least one existing issue that is ready for contribution.,must,PR,PR and release metadata,"""**Before** opening a PR, make sure that:"" - the whole tab is a pre-merge checklist. ""If no related issue exists yet, please :ref:`open one <submitting_bug_feature>` to discuss your proposal first.""",Needs the PR-to-issue link and the issue's readiness state.
SCIKIT-LEARN-C022,https://scikit-learn.org/dev/developers/contributing.html | Pull request checklist > Code > Before opening a PR,"Please **do not** open PRs for issues:

        - that are labeled with :ref:`""Needs triage"" <issues_tagged_needs_triage>` or any
          other kind of ""Needs..."" labels,","Do not open a PR for an issue carrying a ""Needs triage"" or other ""Needs..."" label.",prohibited,PR,PR and release metadata,"First of four disqualifying conditions in the same bullet list; repeated on the page under 'Issues tagged ""Needs Triage""' and again in AGENTS.md and CODE_OF_CONDUCT.md.",Trigger: turns on a label carried by the upstream issue.
SCIKIT-LEARN-C023,https://scikit-learn.org/dev/developers/contributing.html | Pull request checklist > Code > Before opening a PR,"Please **do not** open PRs for issues:

        - where the discussion has not settled down to an explicit resolution plan,",Do not open a PR for an issue whose discussion has not settled on an explicit resolution plan.,prohibited,PR,PR and release metadata,"Second disqualifying condition in the same list; the same list is repeated verbatim in the Documentation tab, with a typo exception.",Turns on the state of a discussion thread.
SCIKIT-LEARN-C024,https://scikit-learn.org/dev/developers/contributing.html | Pull request checklist > Code > Before opening a PR,"Please **do not** open PRs for issues:

        - where the reporter has already expressed interest in opening a PR, or",Do not open a PR for an issue whose reporter has said they intend to open one.,prohibited,PR,PR and release metadata,Third disqualifying condition; the etiquette sections on stalled PRs and unclaimed issues give the waiting periods.,Turns on another person's stated intention.
SCIKIT-LEARN-C025,https://scikit-learn.org/dev/developers/contributing.html | Pull request checklist > Code > Before opening a PR,"Please **do not** open PRs for issues:

        - that already have cross-referenced and active PRs.",Do not open a PR for an issue that already has an active cross-referenced PR.,prohibited,PR,PR and release metadata,Fourth disqualifying condition; CODE_OF_CONDUCT.md lists the same behaviour as poor etiquette that can lead to a ban.,Turns on the state of other open PRs.
SCIKIT-LEARN-C026,https://scikit-learn.org/dev/developers/contributing.html | Pull request checklist > Code > Before opening a PR,**Most importantly**: you need to understand the code that you are about to submit.,Understand the code you are about to submit.,must,"code,PR",Code and quality,Emphasised as the most important item of the pre-opening checklist; no criterion of understanding is given anywhere on the page.,The Automated Contributions Policy states the same requirement for AI-produced changes.
SCIKIT-LEARN-C027,https://scikit-learn.org/dev/developers/contributing.html | Pull request checklist > Code > Before opening a PR,"You didn't modify unrelated lines. Keep the PR focused on the scope stated in
        its issue.",Do not modify lines unrelated to the scope stated in the PR's issue.,prohibited,"code,PR",Code and quality,"Repeated as a reviewer saved reply on the Tips page: ""Please do not change unrelated lines. It makes your contribution harder to review and may introduce merge conflicts to other pull requests.""","Relatedness is defined against the issue's stated scope, which is not in the tree."
SCIKIT-LEARN-C028,https://scikit-learn.org/dev/developers/contributing.html | Pull request checklist > Code > Before opening a PR,"You followed the :ref:`coding-guidelines` and properly commented and
        documented your code.",Follow the coding guidelines and comment and document the code you add.,must,"code,docs",Code and quality,"A checklist pointer to the Coding guidelines section of the Developing scikit-learn estimators page, which states the individual rules.",Pointer item: every obligation it carries is stated atomically on develop.html.
SCIKIT-LEARN-C029,https://scikit-learn.org/dev/developers/contributing.html | Pull request checklist > Code > Before opening a PR,You added new tests for your bug-fixes or new features.,Add new tests for the bug fix or feature the PR contributes.,must,test,Tests and test style,Pre-merge checklist item; the following sentences give the pass condition for bug fixes and note that the coverage CI fails on uncovered new code paths.,"Trigger: the task is a bug fix or a new feature, which the task statement decides."
SCIKIT-LEARN-C030,https://scikit-learn.org/dev/developers/contributing.html | Pull request checklist > Code > Before opening a PR,"In the
        case of bug fixes, at the time of the PR, the tests should fail for the code
        base in the ``main`` branch and pass for the PR code.",Make a bug-fix's new tests fail on unpatched main and pass with the patch applied.,must,test,Tests and test style,"Restated in the Code Review Guidelines checklist: ""In the case of bug fixes, at the time of the PR, the non-regression tests should fail for the code base in the ``main`` branch and pass for the PR code.""",Trigger: bug fixes only. Requires running the new tests with and without the patch.
SCIKIT-LEARN-C031,https://scikit-learn.org/dev/developers/contributing.html | Pull request checklist > Code > Before opening a PR,"The code coverage CI test
        will fail if newly added code paths are not covered by a test.",Cover every newly added code path with a test.,must,"test,CI",Tests and test style,Stated as the consequence attached to the add-new-tests checklist item; enforcement is named as the coverage CI job.,"Enforcement is a CI service, and 'newly added code paths' is measured by a coverage report."
SCIKIT-LEARN-C032,https://scikit-learn.org/dev/developers/contributing.html | Pull request checklist > Code > Before opening a PR,"If your changes relate to performance or efficiency (bug fixes or new features),
        you included a performance analysis with a benchmark script and profiling output
        (see :ref:`monitoring_performances`).",Include a benchmark script and profiling output when the change relates to performance.,must,PR,PR and release metadata,"""If relevant, also check out the :ref:`performance-howto` guide for more details on profiling and Cython optimizations."" The Monitoring performance section says to report asv results on GitHub.","Trigger: performance or efficiency changes. The analysis is posted on the PR, not committed."
SCIKIT-LEARN-C033,https://scikit-learn.org/dev/developers/contributing.html | Pull request checklist > Code > Before opening a PR,All :ref:`tests pass locally<testing_coverage>`.,Make the test suite pass locally before opening the PR.,must,test,Tests and test style,"The Testing section relaxes the scope: ""There may be other failing tests, but they will be caught by the CI so you don't need to run the whole test suite locally.""",The linked section names ``pytest`` as the runner and gives per-module invocations.
SCIKIT-LEARN-C034,https://scikit-learn.org/dev/developers/contributing.html | Pull request checklist > Code > Before opening a PR > When contributing a new feature,"Make sure your contribution fulfills our `new algorithm requirements
          <https://scikit-learn.org/stable/faq.html#what-are-the-inclusion-criteria-for-new-algorithms>`_.",Make sure a new algorithm meets the project's inclusion criteria.,must,"code,PR",PR and release metadata,"Trigger stated in the parent bullet: ""When contributing a new feature, also note the following"". The criteria live in the FAQ, off this page.","Trigger: new features only. The criteria are editorial (usefulness, citation count, maintenance cost)."
SCIKIT-LEARN-C035,https://scikit-learn.org/dev/developers/contributing.html | Pull request checklist > Code > Before opening a PR > When contributing a new feature,"New features have some maintenance overhead. We expect PR authors
          to take part in the maintenance for the code they submit, at least
          initially.","Take part in maintaining the code you contribute, at least initially.",must,workflow,PR and release metadata,Repeated verbatim in the 'Maintenance cost' reviewer saved reply on the Tips page.,An obligation that begins after the contribution is merged.
SCIKIT-LEARN-C036,https://scikit-learn.org/dev/developers/contributing.html | Pull request checklist > Code > Before opening a PR > When contributing a new feature,"New features need to be illustrated with narrative
          documentation in the user guide, with small code snippets.",Illustrate a new feature with narrative user-guide documentation containing small code snippets.,must,docs,Documentation and docstrings,"Followed in the same bullet by the references, complexity and scalability requirements for the same user-guide section.",Trigger: new features. The user guide lives in doc/ and doc/modules/.
SCIKIT-LEARN-C037,https://scikit-learn.org/dev/developers/contributing.html | Pull request checklist > Code > Before opening a PR > When contributing a new feature,"If relevant, please also add references in the literature, with PDF links
          when possible.","Add literature references, with PDF links, to a new feature's user-guide section.",maybe,docs,Documentation and docstrings,Two hedges in one sentence: 'If relevant' and 'when possible'. The Guidelines for writing references give the :arxiv: and :doi: directives to use.,Trigger: new features whose method has a literature source.
SCIKIT-LEARN-C038,https://scikit-learn.org/dev/developers/contributing.html | Pull request checklist > Code > Before opening a PR > When contributing a new feature,"The user guide should also include expected time and space complexity
          of the algorithm and scalability, e.g. ""this algorithm can scale to a
          large number of samples > 100000, but does not scale in dimensionality:
          `n_features` is expected to be lower than 100"".",State the algorithm's expected time and space complexity and its scalability in the user guide.,must,docs,Documentation and docstrings,"Unhedged, with a worked example of the wording. The user-guide writing guidelines lower down the same page hedge the same obligation as 'Consider including the algorithm's complexity if available'.",Trigger: new features. Conflicts in strength with the 'Consider including' clause in the user-guide dropdown.
SCIKIT-LEARN-C039,https://scikit-learn.org/dev/developers/contributing.html | Pull request checklist > Code > Before opening a PR > When contributing a new feature,New features should also include examples of usage.,Add a usage example under examples/ for a new feature.,must,docs,Documentation and docstrings,"""Have a look at other examples in the `examples <https://github.com/scikit-learn/scikit-learn/tree/main/examples>`__ directory for reference.""",Trigger: new features. The gallery directory is named in the same bullet.
SCIKIT-LEARN-C040,https://scikit-learn.org/dev/developers/contributing.html | Pull request checklist > Code > Before opening a PR > When contributing a new feature,"Examples should demonstrate why the new functionality is useful
          in practice and, if possible, compare it to other methods available in
          scikit-learn.",Make the example show why the feature is useful and compare it to existing methods.,maybe,docs,Documentation and docstrings,Hedged with 'if possible' on the comparison half; no standard is given for what demonstrating usefulness looks like.,Trigger: new features.
SCIKIT-LEARN-C041,https://scikit-learn.org/dev/developers/contributing.html | Pull request checklist > Code > When opening a PR,"Give your pull request a helpful title that summarizes what your
        contribution does. This title will become the commit message once merged.",Give the PR a title that summarizes what the contribution does.,must,"PR,commit",PR and release metadata,"""In some cases \""Fix <ISSUE TITLE>\"" is enough."" The title becomes the merged commit message, so it lands in the history.",Helpfulness of a summary has no stated pass condition.
SCIKIT-LEARN-C042,https://scikit-learn.org/dev/developers/contributing.html | Pull request checklist > Code > When opening a PR,"""Fix #<ISSUE NUMBER>"" is **not** a
        good title.","Do not use a bare ""Fix #<ISSUE NUMBER>"" as the PR title.",prohibited,"PR,commit",PR and release metadata,"Given as the counter-example to the preceding sentence, which says the title becomes the commit message once merged; ""Fix <ISSUE TITLE>"" is offered as the acceptable minimum.",Reads off the merged commit message subject line.
SCIKIT-LEARN-C043,https://scikit-learn.org/dev/developers/contributing.html | Pull request checklist > Code > When opening a PR,"Fill out the `pull request template
        <https://raw.githubusercontent.com/scikit-learn/scikit-learn/refs/heads/main/.github/PULL_REQUEST_TEMPLATE.md>`_.",Fill out the pull request template.,must,PR,PR and release metadata,Repeated identically in the Documentation tab of the same checklist; the template itself carries the section headings and the AI-usage list.,Governs the PR body.
SCIKIT-LEARN-C044,https://scikit-learn.org/dev/developers/contributing.html | Pull request checklist > Code > When opening a PR,"If the pull request resolves any issues/PRs, use `keywords to create a link to them
        <https://github.com/blog/1506-closing-issues-via-pull-requests/>`_
        (e.g., ``Fixes #1234``; multiple issues/PRs are allowed as long as each
        one is preceded by a keyword).",Link resolved issues from the PR description using a closing keyword such as ``Fixes #1234``.,must,PR,PR and release metadata,"""**Upon merging, those issues/PRs will automatically be closed by GitHub**."" The PR template repeats the instruction in an HTML comment.","scikit-learn puts the keyword in the PR description, not in the commit message."
SCIKIT-LEARN-C045,https://scikit-learn.org/dev/developers/contributing.html | Pull request checklist > Code > When opening a PR,"If your pull request is simply
        related to some other issues/PRs, or it only partially resolves the target
        issue, create a link to them without using the keywords (e.g., ``Towards #1234``).",Use a non-closing reference such as ``Towards #1234`` for issues the PR only partially resolves.,must,PR,PR and release metadata,"Stated as the complement of the closing-keyword rule in the same bullet, so that GitHub does not auto-close a partially resolved issue.",Also lives in the PR description.
SCIKIT-LEARN-C046,https://scikit-learn.org/dev/developers/contributing.html | Pull request checklist > Code > When opening a PR,"An incomplete contribution -- where you expect to do more work before receiving
        a full review -- should be marked as a `draft pull request
        <https://docs.github.com/en/pull-requests/collaborating-with-pull-requests/proposing-changes-to-your-work-with-pull-requests/changing-the-stage-of-a-pull-request>`__
        and changed to ""ready for review"" when it matures.",Open an incomplete contribution as a draft PR and mark it ready for review when it matures.,must,PR,PR and release metadata,"""Draft PRs may be useful to: indicate you are working on something to avoid duplicated work, request broad review of functionality or API, or seek collaborators.""",Draft state is a property of the PR object.
SCIKIT-LEARN-C047,https://scikit-learn.org/dev/developers/contributing.html | Pull request checklist > Code > When opening a PR,"Draft PRs often
        benefit from the inclusion of a `task list
        <https://github.com/blog/1375-task-lists-in-gfm-issues-pulls-comments>`_ in
        the PR description.",Include a task list in the description of a draft PR.,maybe,PR,PR and release metadata,"'often benefit from' - an advantage, not a requirement; the reviewer saved reply 'PR-WIP: What's needed before merge?' asks for the same list.",Trigger: draft PRs only.
SCIKIT-LEARN-C048,https://scikit-learn.org/dev/developers/contributing.html | Pull request checklist > Code > After opening a PR,"Add a `changelog entry
        <https://github.com/scikit-learn/scikit-learn/blob/main/doc/whats_new/upcoming_changes/README.md>`_
        describing the changes if the PR is likely to affect users.",Add a changelog fragment describing the change when the PR is likely to affect users.,must,"docs,PR",PR and release metadata,"Links to the upcoming_changes README, which fixes the file name, the folder and the single-bullet format. The PR template repeats the requirement in an HTML comment.",Trigger: PRs likely to affect users. The fragment is a file in the diff.
SCIKIT-LEARN-C049,https://scikit-learn.org/dev/developers/contributing.html | Pull request checklist > Code > After opening a PR,"Make sure all CI tests pass (check the provided links for more information on
        any errors).",Make every CI test pass on the PR.,must,CI,PR and release metadata,Repeated verbatim in the Documentation tab; the Continuous Integration section lists the GitHub Actions and CircleCI jobs involved.,Enforcement is a hosted CI service.
SCIKIT-LEARN-C050,https://scikit-learn.org/dev/developers/contributing.html | Pull request checklist > Code > After opening a PR,"If any part of the documentation was changed (which is very likely), also
        check the rendered docs, see :ref:`generated_doc_CI`.",Check the CI-rendered documentation when the PR changes any documentation.,must,"docs,CI",PR and release metadata,"The linked section explains the artifact: ""look for the item \""Check the rendered docs here!\"" and click on 'details' next to it"".",Trigger: documentation changes. The artifact is an HTML build attached to the PR.
SCIKIT-LEARN-C051,https://scikit-learn.org/dev/developers/contributing.html | Pull request checklist > Code > After opening a PR,"Be patient: Before a PR can be merged, it needs to be approved by **two** core
        developers.",Obtain approval from two core developers before the PR is merged.,must,PR,PR and release metadata,"Repeated in the Code Review Guidelines: ""each pull request needs to be signed off by two core developers"", and in the 'PR-MRG: Patience' saved reply.",Requires two other humans.
SCIKIT-LEARN-C052,https://scikit-learn.org/dev/developers/contributing.html | Pull request checklist > Documentation > Before opening a PR,"Unless you're only fixing typos or obvious inconsistencies in the
        documentation, make sure the PR relates to at least one existing issue
        that is ready for contribution.",Relate a documentation PR to a ready issue unless it only fixes typos or obvious inconsistencies.,must,"PR,docs",PR and release metadata,The Documentation tab repeats the Code tab's checklist verbatim except for this exemption and the DOC title prefix; the Code tab states the same requirement with no exemption.,"Documentation-tab variant of the relate-to-an-issue rule, with an exemption the Code tab does not grant."
SCIKIT-LEARN-C053,https://scikit-learn.org/dev/developers/contributing.html | Pull request checklist > Documentation > Before opening a PR,Check that you can :ref:`build the documentation locally <building_documentation>`.,Build the documentation locally before opening a documentation PR.,must,docs,Documentation and docstrings,"The linked section is emphatic: ""**Before submitting a pull request check if your modifications have introduced new sphinx warnings by building the documentation locally and try to fix them.**""",Trigger: documentation PRs. Needs a full sphinx build.
SCIKIT-LEARN-C054,https://scikit-learn.org/dev/developers/contributing.html | Pull request checklist > Documentation > When opening a PR,"Give the pull request a helpful title, starting with ""DOC"", that summarizes
        what the contribution does. This title will become the commit message once
        merged.","Prefix a documentation PR's title with ""DOC"".",must,"PR,commit",Git and commit conventions,"The Code tab's equivalent bullet requires no prefix; the title becomes the commit message on merge, so the prefix lands in the history.",Trigger: documentation-only PRs. The prefix is an exact token.
SCIKIT-LEARN-C055,https://scikit-learn.org/dev/developers/contributing.html | Continuous Integration (CI) > Commit message markers,"Please note that if one of the following markers appears in the latest commit
message, the following actions are taken.",Put a CI commit-message marker in the latest commit message for it to take effect.,must,"commit,CI",Git and commit conventions,"Followed by the closed table of eleven markers: [ci skip], [cd build], [scipy-dev], [free-threaded], [pyodide], [float32], [all random seeds], [doc skip], [doc quick], [doc build]. Only the latest commit message is read.",Trigger: only fires if the contributor chooses to steer CI with a marker.
SCIKIT-LEARN-C056,https://scikit-learn.org/dev/developers/contributing.html | Continuous Integration (CI) > Commit message markers,"[all random seeds]     Run tests using the `global_random_seed` fixture with all random seeds.
                       See `this <https://github.com/scikit-learn/scikit-learn/issues/28959>`_
                       for more details about the commit message format",Follow the documented commit-message format when using the [all random seeds] marker.,must,"commit,CI",Git and commit conventions,The only marker in the table whose entry points at a separate format specification; the format itself lives in a GitHub issue outside the docs.,Trigger: only when the [all random seeds] marker is used.
SCIKIT-LEARN-C057,https://scikit-learn.org/dev/developers/contributing.html | Continuous Integration (CI) > Resolve conflicts in lock files,"# resolve conflicts - keeping the upstream/main version for specific files
  git checkout --theirs  build_tools/*/*.lock build_tools/*/*environment.yml \
      build_tools/*/*lock.txt build_tools/*/*requirements.txt",Resolve conflicts in environment and lock files by taking the upstream/main version.,must,workflow,Git and commit conventions,"""this is good enough, because we will re-generate the lock files afterwards"". ""Note that this only fixes conflicts in environment and lock files and you might have other conflicts to resolve.""",Trigger: only when a merge from upstream conflicts in lock files.
SCIKIT-LEARN-C058,https://scikit-learn.org/dev/developers/contributing.html | Continuous Integration (CI) > Resolve conflicts in lock files,"Finally, we have to re-generate the environment and lock files for the CIs by running:

.. prompt:: bash

  python build_tools/update_environments_and_lock_files.py",Regenerate the environment and lock files with build_tools/update_environments_and_lock_files.py after resolving them.,must,"workflow,CI",Specialized changes,Closes the conflict-resolution snippet; the regeneration is what makes taking --theirs acceptable.,Trigger: only after a lock-file conflict has been resolved.
SCIKIT-LEARN-C059,"https://scikit-learn.org/dev/developers/contributing.html | Issues tagged ""Needs Triage""","as per our `Code of Conduct
<https://github.com/scikit-learn/scikit-learn/blob/main/CODE_OF_CONDUCT.md>`_ please
do not open a PR until the ""Needs Triage"" label is removed, there is a clear consensus
on addressing the issue and some directions on how to address it.","Wait for the ""Needs Triage"" label to be removed and a consensus to form before opening a PR.",prohibited,PR,PR and release metadata,"""The \""Needs Triage\"" label means that the issue is not yet confirmed or fully understood."" AGENTS.md instructs agents to run ``gh issue view`` to check the labels first.",Adds the consensus and direction conditions to the checklist's label prohibition.
SCIKIT-LEARN-C060,https://scikit-learn.org/dev/developers/contributing.html | Documentation,"**Function/method/class docstrings:** Also known as ""API documentation"", these
  describe what the object does and detail any parameters, attributes and
  methods. Docstrings live alongside the code in `sklearn/
  <https://github.com/scikit-learn/scikit-learn/tree/main/sklearn>`_","Keep function, method and class docstrings alongside the code in sklearn/.",must,docs,Documentation and docstrings,"""and are generated according to `doc/api_reference.py`. To add, update, remove, or deprecate a public API that is listed in :ref:`api_ref`, this is the place to look at.""","First of four documentation kinds, each with a fixed location."
SCIKIT-LEARN-C061,https://scikit-learn.org/dev/developers/contributing.html | Documentation,"**User guide:** These provide more detailed information about the algorithms
  implemented in scikit-learn and generally live in the root
  `doc/ <https://github.com/scikit-learn/scikit-learn/tree/main/doc>`_ directory
  and
  `doc/modules/ <https://github.com/scikit-learn/scikit-learn/tree/main/doc/modules>`_.",Put user guide documentation under doc/ or doc/modules/.,maybe,docs,Documentation and docstrings,"'generally live in' - two acceptable locations and a hedge, in a list that also covers docstrings, examples and other rst documents.",Trigger: user-guide contributions.
SCIKIT-LEARN-C062,https://scikit-learn.org/dev/developers/contributing.html | Documentation,"**Examples:** These provide full code examples that may demonstrate the use
  of scikit-learn modules, compare different algorithms or discuss their
  interpretation, etc. Examples live in
  `examples/ <https://github.com/scikit-learn/scikit-learn/tree/main/examples>`_.",Put gallery examples under examples/.,must,docs,Documentation and docstrings,"Unhedged location, unlike the user-guide entry immediately above it which says 'generally live in'.",Trigger: example contributions.
SCIKIT-LEARN-C063,https://scikit-learn.org/dev/developers/contributing.html | Documentation > Guidelines for writing docstrings,"You can use `pytest` to test docstrings, e.g. assuming the
    `RandomForestClassifier` docstring has been modified, the following command
    would test its docstring compliance:

    .. prompt:: bash

      pytest --doctest-modules sklearn/ensemble/_forest.py -k RandomForestClassifier",Run pytest --doctest-modules on a module whose docstring you modified.,maybe,"test,docs",Documentation and docstrings,"'You can use' - offered as a way to check compliance, with a worked invocation. The Testing section lists the same idea as `pytest sklearn/linear_model/_logistic.py` to check doctest examples.",Trigger: docstring modifications.
SCIKIT-LEARN-C064,https://scikit-learn.org/dev/developers/contributing.html | Documentation > Guidelines for writing docstrings,"The correct order of sections is: Parameters, Returns, See Also, Notes, Examples.","Order docstring sections Parameters, Returns, See Also, Notes, Examples.",must,docs,Documentation and docstrings,"""See the `numpydoc documentation <https://numpydoc.readthedocs.io/en/latest/format.html#sections>`_ for information on other possible sections."" - other sections exist but the ordering of these five is stated as correct.","A fixed sequence, readable off the docstring text."
SCIKIT-LEARN-C065,https://scikit-learn.org/dev/developers/contributing.html | Documentation > Guidelines for writing docstrings,Use Python basic types. (``bool`` instead of ``boolean``),"Name parameter types with Python basic type names, e.g. bool rather than boolean.",must,docs,Documentation and docstrings,"First of a list of eight formatting conventions introduced by 'In general have the following in mind', each with worked examples above it.",Names an exact token to use and one to avoid.
SCIKIT-LEARN-C066,https://scikit-learn.org/dev/developers/contributing.html | Documentation > Guidelines for writing docstrings,"Use parenthesis for defining shapes: ``array-like of shape (n_samples,)``
      or ``array-like of shape (n_samples, n_features)``",Write array shapes in parentheses after 'of shape'.,must,docs,Documentation and docstrings,Second convention in the same list; the worked examples above show the same form for every array parameter.,Exact form with two worked examples.
SCIKIT-LEARN-C067,https://scikit-learn.org/dev/developers/contributing.html | Documentation > Guidelines for writing docstrings,"For strings with multiple options, use brackets: ``input: {'log',
      'squared', 'multinomial'}``",Write a string parameter's allowed values as a brace-enclosed set.,must,docs,Documentation and docstrings,"Third convention in the same list; matches the worked example `some_param : {""hello"", ""goodbye""}, bool or int, default=True`.",Exact form.
SCIKIT-LEARN-C068,https://scikit-learn.org/dev/developers/contributing.html | Documentation > Guidelines for writing docstrings,"1D or 2D data can be a subset of ``{array-like, ndarray, sparse matrix,
      dataframe}``. Note that ``array-like`` can also be a ``list``, while
      ``ndarray`` is explicitly only a ``numpy.ndarray``.","Describe 1D or 2D data parameters using terms from {array-like, ndarray, sparse matrix, dataframe}.",maybe,docs,Documentation and docstrings,"'can be a subset of' - a closed vocabulary offered as permitted, with the distinction between array-like and ndarray spelled out.","A closed list, but the sentence permits rather than requires."
SCIKIT-LEARN-C069,https://scikit-learn.org/dev/developers/contributing.html | Documentation > Guidelines for writing docstrings,"Specify ``dataframe`` when ""frame-like"" features are being used, such as
      the column names.",Use the term dataframe when a parameter relies on frame-like features such as column names.,must,docs,Documentation and docstrings,Follows the vocabulary sentence and narrows it: dataframe is not interchangeable with array-like where column names matter.,Trigger: parameters that use frame-like features.
SCIKIT-LEARN-C070,https://scikit-learn.org/dev/developers/contributing.html | Documentation > Guidelines for writing docstrings,"When specifying the data type of a list, use ``of`` as a delimiter: ``list
      of int``.","Write a list parameter's element type with 'of', as in 'list of int'.",must,docs,Documentation and docstrings,Same list of conventions; the worked example block above shows `list_param : list of int`.,Exact delimiter token.
SCIKIT-LEARN-C071,https://scikit-learn.org/dev/developers/contributing.html | Documentation > Guidelines for writing docstrings,"When specifying the dtype of an ndarray, use e.g. ``dtype=np.int32`` after
      defining the shape: ``ndarray of shape (n_samples,), dtype=np.int32``.",Put the dtype after the shape when documenting an ndarray parameter.,must,docs,Documentation and docstrings,"'You can specify multiple dtype as a set: ``array-like of shape (n_samples,), dtype={np.float64, np.float32}``.' The ordering is fixed either way.",Exact ordering within the type string.
SCIKIT-LEARN-C072,https://scikit-learn.org/dev/developers/contributing.html | Documentation > Guidelines for writing docstrings,"If one wants to mention arbitrary
      precision, use `integral` and `floating` rather than the Python dtype
      `int` and `float`.","Use integral and floating, not int and float, when documenting arbitrary precision.",must,docs,Documentation and docstrings,"'When both `int` and `floating` are supported, there is no need to specify the dtype.' - the following sentence removes the obligation in one case only.",Names the exact tokens to use and to avoid.
SCIKIT-LEARN-C073,https://scikit-learn.org/dev/developers/contributing.html | Documentation > Guidelines for writing docstrings,"When the default is ``None``, ``None`` only needs to be specified at the
      end with ``default=None``.","Write a None default once, at the end of the type line, as default=None.",must,docs,Documentation and docstrings,"Matches the worked example `sample_weight : array-like of shape (n_samples,), default=None`.",Trigger: parameters defaulting to None.
SCIKIT-LEARN-C074,https://scikit-learn.org/dev/developers/contributing.html | Documentation > Guidelines for writing docstrings,"Be sure to include in the docstring, what it
      means for the parameter or attribute to be ``None``.",Document what a None value means for the parameter or attribute.,must,docs,Documentation and docstrings,Second half of the None convention; no example of an acceptable explanation is given anywhere in the dropdown.,Trigger: parameters defaulting to None.
SCIKIT-LEARN-C075,https://scikit-learn.org/dev/developers/contributing.html | Documentation > Guidelines for writing docstrings,"Add ""See Also"" in docstrings for related classes/functions.",Add a See Also section pointing at related classes and functions.,must,docs,Documentation and docstrings,The next bullet fixes the format of the entries; nothing on the page says which objects count as related.,Whether a docstring has related objects to point at is a reading of the code.
SCIKIT-LEARN-C076,https://scikit-learn.org/dev/developers/contributing.html | Documentation > Guidelines for writing docstrings,"""See Also"" in docstrings should be one line per reference, with a colon and an
    explanation, for example:",Write each See Also entry on one line with a colon and an explanation.,must,docs,Documentation and docstrings,Followed by a worked block showing `SelectKBest : Select features based on the k highest scores.`,Trigger: docstrings that have a See Also section.
SCIKIT-LEARN-C077,https://scikit-learn.org/dev/developers/contributing.html | Documentation > Guidelines for writing docstrings,"A `Note` can also be added to an attribute, but in that case it requires
    using the `.. rubric:: Note` directive.",Use the .. rubric:: Note directive when adding a Note to an attribute.,must,docs,Documentation and docstrings,"Follows 'The ""Notes"" section is optional. It is meant to provide information on specific behavior of a function/class/classmethod/method.'",Trigger: only when a Note is attached to an attribute.
SCIKIT-LEARN-C078,https://scikit-learn.org/dev/developers/contributing.html | Documentation > Guidelines for writing docstrings,"Add one or two **snippets** of code in ""Example"" section to show how it can
    be used.",Put one or two code snippets in a docstring's Example section.,must,docs,Documentation and docstrings,Followed immediately by the runnability requirement and by 'Keep this section as brief as possible.',"An exact count, one or two."
SCIKIT-LEARN-C079,https://scikit-learn.org/dev/developers/contributing.html | Documentation > Guidelines for writing docstrings,"The code should be runnable as is, i.e. it should include all
    required imports.","Make a docstring example runnable as is, including all required imports.",must,docs,Documentation and docstrings,The docstring examples are executed: the same dropdown opens with `pytest --doctest-modules` as the way to test docstring compliance.,Trigger: docstrings with an Example section.
SCIKIT-LEARN-C080,https://scikit-learn.org/dev/developers/contributing.html | Documentation > Guidelines for writing docstrings,Keep this section as brief as possible.,Keep a docstring's Example section brief.,maybe,docs,Documentation and docstrings,'as brief as possible' with the one-or-two-snippet count stated as the concrete form two sentences earlier.,No length is stated; the snippet count is the only measurable part.
SCIKIT-LEARN-C081,https://scikit-learn.org/dev/developers/contributing.html | Documentation > Guidelines for writing the user guide and other reStructuredText documents,"It is important to keep a good compromise between mathematical and algorithmic
  details, and give intuition to the reader on what the algorithm does.",Balance mathematical and algorithmic detail against intuition in the user guide.,must,docs,Documentation and docstrings,"Opening sentence of the dropdown, which then gives an ordered recipe: hand-waving explanation, usefulness, figure, code examples, equations last.",A compromise with no stated measure on either side.
SCIKIT-LEARN-C082,https://scikit-learn.org/dev/developers/contributing.html | Documentation > Guidelines for writing the user guide and other reStructuredText documents,"Begin with a concise, hand-waving explanation of what the algorithm/code does on
    the data.",Open a user-guide section with a concise informal explanation of what the code does.,must,docs,Documentation and docstrings,"First step of the recipe; the last step defers the mathematics 'By deferring the mathematical aspects, the documentation becomes more accessible'.",Trigger: new user-guide sections.
SCIKIT-LEARN-C083,https://scikit-learn.org/dev/developers/contributing.html | Documentation > Guidelines for writing the user guide and other reStructuredText documents,Highlight the usefulness of the feature and its recommended application.,State the feature's usefulness and its recommended application in the user guide.,must,docs,Documentation and docstrings,"Second step of the recipe, in the same bullet as the complexity clause.",No test of what counts as highlighting usefulness.
SCIKIT-LEARN-C084,https://scikit-learn.org/dev/developers/contributing.html | Documentation > Guidelines for writing the user guide and other reStructuredText documents,"Consider including the algorithm's complexity
    (:math:`O\left(g\left(n\right)\right)`) if available, as ""rules of thumb"" can
    be very machine-dependent. Only if those complexities are not available, then
    rules of thumb may be provided instead.","Include the algorithm's complexity in the user guide, falling back to rules of thumb only if it is unavailable.",maybe,docs,Documentation and docstrings,'Consider including ... if available' - hedged. The pull request checklist states the same obligation unhedged: 'The user guide should also include expected time and space complexity of the algorithm and scalability'.,"Same obligation as the checklist's complexity clause, at a weaker strength."
SCIKIT-LEARN-C085,https://scikit-learn.org/dev/developers/contributing.html | Documentation > Guidelines for writing the user guide and other reStructuredText documents,Incorporate a relevant figure (generated from an example) to provide intuitions.,Include a figure generated from an example in a new user-guide section.,must,docs,Documentation and docstrings,Third step of the recipe; the figure must come from the gallery examples rather than be a standalone image.,Trigger: new user-guide sections.
SCIKIT-LEARN-C086,https://scikit-learn.org/dev/developers/contributing.html | Documentation > Guidelines for writing the user guide and other reStructuredText documents,Include one or two short code examples to demonstrate the feature's usage.,Include one or two short code examples in a user-guide section.,must,docs,Documentation and docstrings,"Fourth step of the recipe. The same count is required of docstring Example sections in the docstring dropdown, for a different file.","An exact count, on the .rst user guide rather than on a docstring."
SCIKIT-LEARN-C087,https://scikit-learn.org/dev/developers/contributing.html | Documentation > Guidelines for writing the user guide and other reStructuredText documents,"Introduce any necessary mathematical equations, followed by references.","Put mathematical equations last in a user-guide section, followed by their references.",must,docs,Documentation and docstrings,"'By deferring the mathematical aspects, the documentation becomes more accessible to users primarily interested in understanding the feature's practical implications rather than its underlying mechanics.'",Which equations are necessary is a reading of the material.
SCIKIT-LEARN-C088,https://scikit-learn.org/dev/developers/contributing.html | Documentation > Guidelines for writing the user guide and other reStructuredText documents,"When editing reStructuredText (``.rst``) files, try to keep line length under
    88 characters when possible (exceptions include links and tables).",Keep .rst lines under 88 characters.,maybe,docs,Documentation and docstrings,"'try to ... when possible', with named exceptions for links and tables. ``[tool.ruff] line-length = 88`` in pyproject.toml enforces the same limit on Python files, but ruff does not read .rst.",The soft limit matches the hard ruff limit applied to Python sources.
SCIKIT-LEARN-C089,https://scikit-learn.org/dev/developers/contributing.html | Documentation > Guidelines for writing the user guide and other reStructuredText documents,"In scikit-learn reStructuredText files both single and double backticks
    surrounding text will render as inline literal (often used for code, e.g.,
    `list`). This is due to specific configurations we have set. Single
    backticks should be used nowadays.",Use single backticks for inline literals in .rst files.,must,docs,Documentation and docstrings,"The section states that both forms render identically, so nothing breaks if the double form is used; the preference is stated as current practice.",Two forms are available and only one is sanctioned.
SCIKIT-LEARN-C090,https://scikit-learn.org/dev/developers/contributing.html | Documentation > Guidelines for writing the user guide and other reStructuredText documents,"Too much information makes it difficult for users to access the content they
    are interested in. Use dropdowns to factorize it by using the following syntax",Factorize overlong user-guide material into dropdowns.,must,docs,Documentation and docstrings,Followed by the exact ``.. dropdown:: Dropdown title`` syntax and by a closed list of what may be hidden.,The syntax is exact; whether a section is too long is a reading.
SCIKIT-LEARN-C091,https://scikit-learn.org/dev/developers/contributing.html | Documentation > Guidelines for writing the user guide and other reStructuredText documents,"Information that can be hidden by default using dropdowns is:

    * low hierarchy sections such as `References`, `Properties`, etc. (see for
      instance the subsections in :ref:`det_curve`);

    * in-depth mathematical details;

    * narrative that is use-case specific;","Hide only low-hierarchy sections, in-depth mathematics and use-case narrative in dropdowns.",maybe,docs,Documentation and docstrings,"The list ends with the open-ended 'in general, narrative that may only interest users that want to go beyond the pragmatics of a given tool.'","A list of permitted contents, closed by an open-ended fourth item."
SCIKIT-LEARN-C092,https://scikit-learn.org/dev/developers/contributing.html | Documentation > Guidelines for writing the user guide and other reStructuredText documents,"Do not use dropdowns for the low level section `Examples`, as it should stay
    visible to all users.",Do not put an Examples section inside a dropdown.,prohibited,docs,Documentation and docstrings,"Stated with its reason, and followed by the placement rule for the same section.",Names the one section that may never be folded.
SCIKIT-LEARN-C093,https://scikit-learn.org/dev/developers/contributing.html | Documentation > Guidelines for writing the user guide and other reStructuredText documents,"Make sure that the `Examples` section comes right after
    the main discussion with the least possible folded section in-between.",Place the Examples section immediately after the main discussion.,must,docs,Documentation and docstrings,Second half of the same bullet as the do-not-fold prohibition; both protect the visibility of Examples.,A position in the section order.
SCIKIT-LEARN-C094,https://scikit-learn.org/dev/developers/contributing.html | Documentation > Guidelines for writing the user guide and other reStructuredText documents,"Be aware that dropdowns break cross-references. If that makes sense, hide the
    reference along with the text mentioning it. Else, do not use dropdown.","Hide a cross-reference together with the text that mentions it, or do not use a dropdown at all.",must,docs,Documentation and docstrings,"'If that makes sense' leaves the choice between two remedies to the author; the consequence, broken cross-references, is stated.",Trigger: dropdowns containing a cross-reference.
SCIKIT-LEARN-C095,https://scikit-learn.org/dev/developers/contributing.html | Documentation > Guidelines for writing references,"When bibliographic references are available with `arxiv <https://arxiv.org/>`_
    or `Digital Object Identifier <https://www.doi.org/>`_ identification numbers,
    use the sphinx directives `:arxiv:` or `:doi:`.",Cite arXiv and DOI references with the :arxiv: and :doi: sphinx roles.,must,docs,Documentation and docstrings,"'For example, see references in :ref:`Spectral Clustering Graphs <spectral_clustering_graph>`.'",Trigger: references that carry an arXiv id or a DOI.
SCIKIT-LEARN-C096,https://scikit-learn.org/dev/developers/contributing.html | Documentation > Guidelines for writing references,"To cross-reference to other pages in the scikit-learn documentation use the
    reStructuredText cross-referencing syntax:",Cross-reference other scikit-learn documentation pages with reStructuredText roles rather than raw links.,must,docs,Documentation and docstrings,"Introduces four worked cases: section labels, glossary terms, functions and classes, each with the exact role to use.",Umbrella rule for the four cases that follow.
SCIKIT-LEARN-C097,https://scikit-learn.org/dev/developers/contributing.html | Documentation > Guidelines for writing references,"**Section:** to link to an arbitrary section in the documentation, use
      reference labels (see `Sphinx docs
      <https://www.sphinx-doc.org/en/master/usage/restructuredtext/roles.html#ref-role>`_).",Link to a documentation section through a reference label and the :ref: role.,must,docs,Documentation and docstrings,Given with a worked block defining `.. _my-section:` and referring to it with :ref:`my-section`.,First of the four cross-referencing cases.
SCIKIT-LEARN-C098,https://scikit-learn.org/dev/developers/contributing.html | Documentation > Guidelines for writing references,"You should not modify existing sphinx reference labels as this would break
      existing cross references and external links pointing to specific sections
      in the scikit-learn documentation.",Do not rename or remove an existing sphinx reference label.,prohibited,docs,Documentation and docstrings,Its consequence is stated in the same sentence: existing cross-references and external links break.,Reads off the diff: a removed or changed `.. _label:` line.
SCIKIT-LEARN-C099,https://scikit-learn.org/dev/developers/contributing.html | Documentation > Guidelines for writing references,"**Glossary:** linking to a term in the :ref:`glossary`:

      .. code-block:: rst

          :term:`cross_validation`",Link glossary terms with the :term: role.,must,docs,Documentation and docstrings,"Second of the four cross-referencing cases, given as a bare worked example.",An exact role name.
SCIKIT-LEARN-C100,https://scikit-learn.org/dev/developers/contributing.html | Documentation > Guidelines for writing references,"**Function:** to link to the documentation of a function, use the full import
      path to the function:",Link to a function with its full import path in the :func: role.,must,docs,Documentation and docstrings,"Worked as :func:`~sklearn.model_selection.cross_val_score`, with the currentmodule shortcut given immediately afterwards as the exception.",Third of the four cross-referencing cases.
SCIKIT-LEARN-C101,https://scikit-learn.org/dev/developers/contributing.html | Documentation > Guidelines for writing references,"However, if there is a `.. currentmodule::` directive above you in the document,
      you will only need to use the path to the function succeeding the current
      module specified.",Shorten a :func: target to the path below the active .. currentmodule:: directive.,maybe,docs,Documentation and docstrings,"'you will only need to' - a permitted shortening rather than a requirement, worked with `.. currentmodule:: sklearn.model_selection` and :func:`cross_val_score`.",Trigger: pages carrying a currentmodule directive.
SCIKIT-LEARN-C102,https://scikit-learn.org/dev/developers/contributing.html | Documentation > Guidelines for writing references,"**Class:** to link to documentation of a class, use the full import path to the
      class, unless there is a `.. currentmodule::` directive in the document above
      (see above):",Link to a class with its full import path unless a currentmodule directive shortens it.,must,docs,Documentation and docstrings,Worked as :class:`~sklearn.preprocessing.StandardScaler`; the exception is written into the rule itself.,Fourth of the four cross-referencing cases.
SCIKIT-LEARN-C103,https://scikit-learn.org/dev/developers/contributing.html | Documentation > Guidelines for writing references,"For the ""References"" section in docstrings, see
    :func:`sklearn.metrics.silhouette_score` as an example.",Follow the silhouette_score docstring as the model for a References section.,maybe,docs,Documentation and docstrings,The guidance is an example to imitate rather than a stated format; no rules for the section are given on the page.,Trigger: docstrings with a References section.
SCIKIT-LEARN-C104,https://scikit-learn.org/dev/developers/contributing.html | Documentation > Building the documentation,"**Before submitting a pull request check if your modifications have introduced
new sphinx warnings by building the documentation locally and try to fix them.**",Build the docs locally before submitting and fix any new sphinx warnings.,must,docs,Documentation and docstrings,Bolded as the opening line of the section; the rest of the section is the install and build recipe. The Documentation-tab checklist repeats it as 'Check that you can build the documentation locally'.,Needs a sphinx build of the whole tree.
SCIKIT-LEARN-C105,https://scikit-learn.org/dev/developers/contributing.html | Documentation > Building the documentation,"While we do our best to have the documentation build under as many
   versions of Sphinx as possible, the different versions tend to
   behave slightly differently. To get the best results, you should
   use the same version as the one we used on CircleCI.",Build the documentation with the same Sphinx version CircleCI uses.,must,docs,Documentation and docstrings,"Given in a warning admonition, with a GitHub code search link as the only way to discover the pinned version.",The version is not stated in the docs; it must be read out of a CI lock file.
SCIKIT-LEARN-C106,https://scikit-learn.org/dev/developers/contributing.html | Testing and improving test coverage,"The tests are functions appropriately named, located in `tests`
subdirectories, that check the validity of the algorithms and the
different options of the code.",Put tests in the module's tests/ subdirectory as appropriately named functions.,must,test,Tests and test style,"'we use the `pytest <https://docs.pytest.org>`_ package' - pytest's discovery rules decide what 'appropriately named' means, and the invocations given below all address `sklearn/<module>/tests/test_*.py`.",Placement is exact; the naming half is deferred to pytest's conventions.
SCIKIT-LEARN-C107,https://scikit-learn.org/dev/developers/contributing.html | Testing and improving test coverage,It is often enough to only run the test related to your changes:,Run at least the tests related to your changes.,maybe,test,Tests and test style,"'There may be other failing tests, but they will be caught by the CI so you don't need to run the whole test suite locally.' The pull request checklist states 'All tests pass locally.'",Weaker restatement of the checklist's all-tests-pass item.
SCIKIT-LEARN-C108,https://scikit-learn.org/dev/developers/contributing.html | Testing and improving test coverage,"`pytest sklearn/tests/test_common.py -k LogisticRegression` to run all our
  estimator checks (specifically for `LogisticRegression`, if that's the
  estimator you changed).",Run the common estimator checks for an estimator you changed.,maybe,test,Tests and test style,Last of five worked invocations offered as usually sufficient; develop.html states the same check as `check_estimator` run on an instance.,Trigger: changes to an estimator.
SCIKIT-LEARN-C109,https://scikit-learn.org/dev/developers/contributing.html | Testing and improving test coverage,"`pytest doc/modules/linear_model.rst` to make sure the user guide
  examples are correct.",Run pytest against the user-guide .rst file whose examples your change affects.,maybe,"test,docs",Tests and test style,Fourth of the five worked invocations; the user guide's code snippets are executed as doctests.,Trigger: changes affecting user-guide examples.
SCIKIT-LEARN-C110,https://scikit-learn.org/dev/developers/contributing.html | Testing and improving test coverage > Writing matplotlib-related tests,"The ``pyplot`` fixture should be used when a test function is dealing with
  ``matplotlib``.",Use the pyplot fixture in a test that deals with matplotlib.,must,test,Tests and test style,"'``matplotlib`` is a soft dependency and is not required. This fixture is in charge of skipping the tests if ``matplotlib`` is not installed. In addition, figures created during the tests will be automatically closed.' plotting.html states the same rule and adds that it must be the first argument.",Trigger: tests that touch matplotlib. plotting.html states a stricter form of the same obligation.
SCIKIT-LEARN-C111,https://scikit-learn.org/dev/developers/contributing.html | Testing and improving test coverage > Writing matplotlib-related tests,"To use this fixture in a test function, one needs to pass it as an
  argument::

      def test_requiring_mpl_fixture(pyplot):
          # you can now safely use matplotlib",Declare the pyplot fixture as a parameter of the test function.,must,test,Tests and test style,The worked example is the only statement of the mechanism; plotting.html adds that it must be the first argument.,Trigger: tests that use the pyplot fixture.
SCIKIT-LEARN-C112,https://scikit-learn.org/dev/developers/contributing.html | Testing and improving test coverage > Workflow to improve test coverage,"Run `pytest --cov sklearn /path/to/tests`. The output lists for each file the line
     numbers that are not tested.",Use pytest --cov to find the lines your change leaves untested.,maybe,test,Tests and test style,"Step 1 of a three-step loop: run coverage, 'Find a low hanging fruit, looking at which lines are not tested, write or adapt a test specifically for these lines', loop.",Requires the coverage package installed alongside pytest.
SCIKIT-LEARN-C113,https://scikit-learn.org/dev/developers/contributing.html | Monitoring performance,"When proposing changes to the existing code base, it's important to make sure
that they don't introduce performance regressions.",Make sure a change does not introduce a performance regression.,must,code,Specialized changes,'Scikit-learn uses `asv benchmarks` to monitor the performance of a selection of common estimators and functions.' The section then documents `asv continuous -b <name> upstream/main HEAD`.,Detecting a regression needs two builds and a benchmark environment.
SCIKIT-LEARN-C114,https://scikit-learn.org/dev/developers/contributing.html | Monitoring performance,"you can compare the performance of a
specific estimator between ``upstream/main`` and the branch you are working on:

.. prompt:: bash

  asv continuous -b LogisticRegression upstream/main HEAD",Compare your branch against upstream/main with asv continuous for the estimator you changed.,maybe,workflow,Specialized changes,'By default it will only report the benchmarks that have changed by at least 10%. You can control this ratio with the `-f` flag.',Needs conda or virtualenv and a checkout of upstream/main.
SCIKIT-LEARN-C115,https://scikit-learn.org/dev/developers/contributing.html | Monitoring performance,"When running benchmarks for a pull request you're working on please report the
results on github.",Report your benchmark results on the pull request.,must,PR,PR and release metadata,The pull request checklist states the same requirement as 'you included a performance analysis with a benchmark script and profiling output'.,Trigger: only when benchmarks were run for the PR.
SCIKIT-LEARN-C116,https://scikit-learn.org/dev/developers/contributing.html | Maintaining backwards compatibility > Deprecation,"If any publicly accessible class, function, method, attribute or parameter is renamed,
we still support the old one for two releases and issue a deprecation warning when it is
called, passed, or accessed.",Keep a renamed public name working for two releases and warn when it is used.,must,code,Language and framework style,"Opening rule of the section, expanded by three worked recipes for classes/functions, attributes/methods and parameters.","Trigger: renaming any public class, function, method, attribute or parameter."
SCIKIT-LEARN-C117,https://scikit-learn.org/dev/developers/contributing.html | Maintaining backwards compatibility > Deprecation,"Suppose the function ``zero_one`` is renamed to ``zero_one_loss``, we add the decorator
:class:`utils.deprecated` to ``zero_one`` and call ``zero_one_loss`` from that
function::",Decorate a renamed function or class with utils.deprecated and delegate to the new name.,must,code,Language and framework style,"The worked example shows the full decorator message giving the old name, the new name, the deprecation version and the removal version.",Trigger: deprecating a class or a function.
SCIKIT-LEARN-C118,https://scikit-learn.org/dev/developers/contributing.html | Maintaining backwards compatibility > Deprecation,"One also needs to move ``zero_one`` from ``API_REFERENCE`` to
``DEPRECATED_API_REFERENCE`` and add ``zero_one_loss`` to ``API_REFERENCE`` in the
``doc/api_reference.py`` file to reflect the changes in :ref:`api_ref`.",Move the deprecated name to DEPRECATED_API_REFERENCE and add the new name to API_REFERENCE in doc/api_reference.py.,must,"docs,code",Language and framework style,"The Documentation section names doc/api_reference.py as 'the place to look at' to add, update, remove or deprecate a public API.",Trigger: deprecating a public class or function. Names an exact file and two exact dict keys.
SCIKIT-LEARN-C119,https://scikit-learn.org/dev/developers/contributing.html | Maintaining backwards compatibility > Deprecation,"If an attribute or a method is to be deprecated, use the decorator
:class:`~utils.deprecated` on the property.",Deprecate an attribute or method with the utils.deprecated decorator on its property.,must,code,Language and framework style,"Worked with `labels_` renamed to `classes_`, showing the decorator above the @property.",Trigger: deprecating an attribute or a method.
SCIKIT-LEARN-C120,https://scikit-learn.org/dev/developers/contributing.html | Maintaining backwards compatibility > Deprecation,"Please note that the
:class:`~utils.deprecated` decorator should be placed before the ``property`` decorator
if there is one, so that the docstrings can be rendered properly.",Put the deprecated decorator above the property decorator.,must,code,Language and framework style,Its consequence is stated in the same sentence: otherwise the docstrings are not rendered properly.,"Trigger: deprecating a property. A decorator ordering, readable from the source."
SCIKIT-LEARN-C121,https://scikit-learn.org/dev/developers/contributing.html | Maintaining backwards compatibility > Deprecation,"If a parameter has to be deprecated, a ``FutureWarning`` warning must be raised
manually.",Raise a FutureWarning manually when a deprecated parameter is passed.,must,code,Language and framework style,Worked twice: once for a free function and once inside `fit` for an estimator class.,Trigger: deprecating a parameter. Names the exact warning class.
SCIKIT-LEARN-C122,https://scikit-learn.org/dev/developers/contributing.html | Maintaining backwards compatibility > Deprecation,"When the change is in a class, we validate and raise warning in ``fit``::","Validate a deprecated parameter and raise its warning in fit, not in __init__.",must,code,Language and framework style,"Matches the constructor rule on develop.html: 'There should be no logic, not even input validation' in __init__.",Trigger: deprecating a parameter of an estimator class.
SCIKIT-LEARN-C123,https://scikit-learn.org/dev/developers/contributing.html | Maintaining backwards compatibility > Deprecation,"As in these examples, the warning message should always give both the
version in which the deprecation happened and the version in which the
old behavior will be removed.",Name both the deprecation version and the removal version in the warning message.,must,code,Language and framework style,"'so that users will have enough time to adapt their code to the new behaviour'. The same sentence is repeated in the Change-the-default section as 'Similar to deprecations, the warning message should always give both the version in which the change happened and the version in which the old behavior will be removed.'",Trigger: deprecations. Two version strings must appear in the message.
SCIKIT-LEARN-C124,https://scikit-learn.org/dev/developers/contributing.html | Maintaining backwards compatibility > Deprecation,"If the deprecation happened in version
0.x-dev, the message should say deprecation occurred in version 0.x and
the removal will be in 0.(x+2).","Quote the release version, not the dev version, and set removal two releases later.",must,code,Language and framework style,"'For example, if the deprecation happened in version 0.18-dev, the message should say it happened in version 0.18 and the old behavior will be removed in version 0.20.'",Trigger: deprecations. An arithmetic relation between two version strings.
SCIKIT-LEARN-C125,https://scikit-learn.org/dev/developers/contributing.html | Maintaining backwards compatibility > Deprecation,"The warning message should also include a brief explanation of the change and point
users to an alternative.",Explain the change briefly in the warning and point users to an alternative.,maybe,code,Language and framework style,Follows the two-versions requirement; 'brief' is not defined and the worked messages vary in length.,Trigger: deprecations.
SCIKIT-LEARN-C126,https://scikit-learn.org/dev/developers/contributing.html | Maintaining backwards compatibility > Deprecation,"In addition, a deprecation note should be added in the docstring, recalling the
same information as the deprecation warning as explained above. Use the
``.. deprecated::`` directive:",Add a .. deprecated:: note to the docstring repeating the warning's information.,must,docs,Documentation and docstrings,Worked as '.. deprecated:: 0.13 / ``k`` was renamed to ``n_clusters`` in version 0.13 and will be removed in 0.15.',Trigger: deprecations. Names the exact directive.
SCIKIT-LEARN-C127,https://scikit-learn.org/dev/developers/contributing.html | Maintaining backwards compatibility > Deprecation,"What's more, a deprecation requires a test which ensures that the warning is
raised in relevant cases but not in other cases.",Add a test asserting the deprecation warning is raised only in the relevant cases.,must,test,Tests and test style,"The same requirement is repeated for default-value changes: 'Finally, we need a test which ensures that the warning is raised in relevant cases but not in other cases.'",Trigger: deprecations.
SCIKIT-LEARN-C128,https://scikit-learn.org/dev/developers/contributing.html | Maintaining backwards compatibility > Deprecation,"The warning should be caught
in all other tests (using e.g., ``@pytest.mark.filterwarnings``),","Catch the deprecation warning in every other test, e.g. with @pytest.mark.filterwarnings.",must,test,Tests and test style,Repeated verbatim in the Change-the-default section. The Tips page notes 'our continuous integration tests will error if ``FutureWarning`` isn't properly caught'.,Trigger: deprecations. Names the decorator to use.
SCIKIT-LEARN-C129,https://scikit-learn.org/dev/developers/contributing.html | Maintaining backwards compatibility > Deprecation,and there should be no warning in the examples.,Leave the gallery examples free of the deprecation warning.,must,"docs,test",Tests and test style,"`SKLEARN_WARNINGS_AS_ERRORS=1` in the documentation build 'is checking that the documentation build, in particular running examples, does not produce any warnings'.",Trigger: deprecations. Repeated verbatim in the Change-the-default section.
SCIKIT-LEARN-C130,https://scikit-learn.org/dev/developers/contributing.html | Maintaining backwards compatibility > Change the default value of a parameter,"If the default value of a parameter needs to be changed, please replace the
default value with a specific value (e.g., ``""warn""``) and raise
``FutureWarning`` when users are using the default value.",Replace a changing default with a sentinel value and raise FutureWarning when it is left in place.,must,code,Language and framework style,"Worked twice, for a free function and for a class where the check happens in `fit`; the example uses the sentinel string ""warn"".",Trigger: changing a parameter's default value.
SCIKIT-LEARN-C131,https://scikit-learn.org/dev/developers/contributing.html | Maintaining backwards compatibility > Change the default value of a parameter,"Similar to deprecations, the warning message should always give both the
version in which the change happened and the version in which the old behavior
will be removed.",Name both the change version and the removal version in a default-change warning.,must,code,Language and framework style,"Explicitly derived from the deprecation section, which states the identical requirement for deprecation warnings.",Trigger: changing a default. Same obligation as the deprecation warning rule.
SCIKIT-LEARN-C132,https://scikit-learn.org/dev/developers/contributing.html | Maintaining backwards compatibility > Change the default value of a parameter,"The parameter description in the docstring needs to be updated accordingly by adding
a ``versionchanged`` directive with the old and new default value, pointing to the
version when the change will be effective:",Add a .. versionchanged:: directive to the parameter docstring giving the old and new defaults.,must,docs,Documentation and docstrings,Worked as '.. versionchanged:: 0.22 / The default value for `n_clusters` will change from 5 to 10 in version 0.22.',Trigger: changing a default. Names the exact directive and its required content.
SCIKIT-LEARN-C133,https://scikit-learn.org/dev/developers/contributing.html | Maintaining backwards compatibility > Change the default value of a parameter,"Finally, we need a test which ensures that the warning is raised in relevant cases but
not in other cases.",Add a test asserting the default-change warning is raised only in the relevant cases.,must,test,Tests and test style,"Word-for-word the deprecation section's test requirement, applied to the default-change warning.",Trigger: changing a default.
SCIKIT-LEARN-C134,https://scikit-learn.org/dev/developers/contributing.html | Maintaining backwards compatibility > Change the default value of a parameter,"The warning should be caught in all other tests
(using e.g., ``@pytest.mark.filterwarnings``), and there should be no warning
in the examples.",Catch the default-change warning in all other tests and keep it out of the examples.,must,"test,docs",Tests and test style,"Repeats the deprecation section's two sentences as one, for the default-change warning.",Trigger: changing a default.
SCIKIT-LEARN-C135,https://scikit-learn.org/dev/developers/contributing.html | Reading the existing code base,"Configure `git blame` to ignore the commit that migrated the code style to
  `black` and then `ruff`.

  .. prompt:: bash

      git config blame.ignoreRevsFile .git-blame-ignore-revs",Point git blame at .git-blame-ignore-revs in your local clone.,must,workflow,Git and commit conventions,'Find out more information in black's documentation for avoiding ruining git blame.' The rest of the section is reading advice with no obligations.,"Changes local git config, which no artifact of a contribution records."
SCIKIT-LEARN-C136,https://scikit-learn.org/dev/developers/develop.html | Estimators > Instantiation,"It should not, however, take
the actual training data as an argument, as this is left to the ``fit()`` method::",Do not accept training data as an argument to an estimator's __init__.,prohibited,code,Language and framework style,"The counter-example is labelled in the code block: ``clf3 = SGDClassifier([[1, 2], [2, 3]], [-1, 1]) # WRONG!``",Trigger: adding or changing an estimator class.
SCIKIT-LEARN-C137,https://scikit-learn.org/dev/developers/develop.html | Estimators > Instantiation,"Ideally, the arguments accepted by ``__init__`` should all be keyword arguments with a
default value. In other words, a user should be able to instantiate an estimator without
passing any arguments to it.",Give every __init__ argument a default value so the estimator can be constructed with no arguments.,maybe,code,Language and framework style,"'In some cases, where there are no sane defaults for an argument, they can be left without a default value. In scikit-learn itself, we have very few places, only in some meta-estimators, where the sub-estimator(s) argument is a required argument.'",Trigger: adding or changing an estimator class.
SCIKIT-LEARN-C138,https://scikit-learn.org/dev/developers/develop.html | Estimators > Instantiation,"These initial
arguments (or parameters) are always remembered by the estimator. Also note that they
should not be documented under the ""Attributes"" section, but rather under the
""Parameters"" section for that estimator.","Document constructor arguments under Parameters, not under Attributes.",must,docs,Documentation and docstrings,The Estimated Attributes section states the complement: trailing-underscore attributes are documented as 'Attributes' and leading-underscore ones are not documented.,Trigger: estimator docstrings. Two named docstring sections.
SCIKIT-LEARN-C139,https://scikit-learn.org/dev/developers/develop.html | Estimators > Instantiation,"In addition, **every keyword argument accepted by** ``__init__`` **should
correspond to an attribute on the instance**.",Set an instance attribute for every keyword argument __init__ accepts.,must,code,Language and framework style,'Scikit-learn relies on this to find the relevant attributes to set on an estimator when doing model selection.' The summary block shows `self.param1 = param1`.,Trigger: estimator constructors. Enforced at runtime by get_params/set_params.
SCIKIT-LEARN-C140,https://scikit-learn.org/dev/developers/develop.html | Estimators > Instantiation,"# WRONG: the object's attributes should have exactly the name of
        # the argument in the constructor
        self.param3 = param2",Give the stored attribute exactly the name of the constructor argument.,must,code,Language and framework style,"Comment inside the block of wrong code, immediately below the rule that every keyword argument should correspond to an attribute.",Names the exact correspondence the preceding rule leaves implicit.
SCIKIT-LEARN-C141,https://scikit-learn.org/dev/developers/develop.html | Estimators > Instantiation,"There should be no logic, not even input validation, and the parameters should not be
changed; which also means ideally they should not be mutable objects such as lists or
dictionaries.",Put no logic and no input validation in an estimator's __init__.,prohibited,code,Language and framework style,"'The reason for postponing the validation is that if ``__init__`` includes input validation, then the same validation would have to be performed in ``set_params``, which is used in algorithms like GridSearchCV.'",Trigger: estimator constructors. The mutable-object half is hedged with 'ideally'.
SCIKIT-LEARN-C142,https://scikit-learn.org/dev/developers/develop.html | Estimators > Instantiation,"If they're mutable, they should be copied before being modified. The
corresponding logic should be put where the parameters are used, typically in ``fit``.","Copy a mutable constructor argument before modifying it, and do so where it is used.",must,code,Language and framework style,"The Cloning section repeats it: 'As already mentioned that when constructor arguments are mutable, they should be copied before modifying them.'",Trigger: estimators taking mutable parameters.
SCIKIT-LEARN-C143,https://scikit-learn.org/dev/developers/develop.html | Estimators > Instantiation,"Also it is expected that parameters with trailing ``_`` are **not to be set
inside the** ``__init__`` **method**.",Do not set trailing-underscore attributes inside __init__.,prohibited,code,Language and framework style,'More details on attributes that are not init arguments come shortly' - the Estimated Attributes section reserves the trailing underscore for values learned in fit.,"Trigger: estimator constructors. A name-shape prohibition, readable statically."
SCIKIT-LEARN-C144,https://scikit-learn.org/dev/developers/develop.html | Estimators > Fitting,"The number of samples, i.e. ``X.shape[0]`` should be the same as ``y.shape[0]``. If this
requirement is not met, an exception of type ``ValueError`` should be raised.",Raise ValueError when X and y have different numbers of samples.,must,code,Language and framework style,`validate_data` and `check_X_y` are offered elsewhere as the helpers that do this; the exception type is named exactly.,Trigger: estimator fit methods.
SCIKIT-LEARN-C145,https://scikit-learn.org/dev/developers/develop.html | Estimators > Fitting,"However, to
make it possible to use the estimator as part of a pipeline that can
mix both supervised and unsupervised transformers, even unsupervised
estimators need to accept a ``y=None`` keyword argument in
the second position that is just ignored by the estimator.",Accept an ignored y=None keyword in second position on an unsupervised estimator's fit.,must,code,Language and framework style,"Stated with its reason, pipeline compatibility. The Estimator types section restates it for clustering algorithms as 'Ideally, they should accept a ``y`` parameter in their ``fit`` method, but it should be ignored.'",Trigger: unsupervised estimators. An exact signature position.
SCIKIT-LEARN-C146,https://scikit-learn.org/dev/developers/develop.html | Estimators > Fitting,"For the same reason, ``fit_predict``, ``fit_transform``, ``score``
and ``partial_fit`` methods need to accept a ``y`` argument in
the second place if they are implemented.","Accept y in second position on fit_predict, fit_transform, score and partial_fit.",must,code,Language and framework style,"Extends the fit signature rule to a closed list of four methods, conditioned on them being implemented.","Trigger: only the listed methods, and only where the estimator implements them."
SCIKIT-LEARN-C147,https://scikit-learn.org/dev/developers/develop.html | Estimators > Fitting,"The method should return the object (``self``). This pattern is useful
to be able to implement quick one liners in an IPython session such as::",Return self from fit.,must,code,Language and framework style,"Worked as `y_predicted = SGDClassifier(alpha=10).fit(X_train, y_train).predict(X_test)`; chaining breaks without it.",Trigger: estimator fit methods. One satisfying return value.
SCIKIT-LEARN-C148,https://scikit-learn.org/dev/developers/develop.html | Estimators > Fitting,"However, any parameter that can have a value assigned prior to
having access to the data should be an ``__init__`` keyword argument.",Take any parameter that can be set before seeing the data as an __init__ keyword argument.,must,code,Language and framework style,"Immediately followed by the same rule from the other side: 'Ideally, **fit parameters should be restricted to directly data dependent variables**.'",Trigger: estimator signatures. Worked with the tol counter-example.
SCIKIT-LEARN-C149,https://scikit-learn.org/dev/developers/develop.html | Estimators > Fitting,"Ideally, **fit
parameters should be restricted to directly data dependent variables**. For instance a
Gram matrix or an affinity matrix which are precomputed from the data matrix ``X`` are
data dependent. A tolerance stopping criterion ``tol`` is not directly data dependent",Restrict fit parameters to directly data-dependent variables.,maybe,code,Language and framework style,'Ideally' hedges a rule the preceding sentence states unhedged: 'any parameter that can have a value assigned prior to having access to the data should be an ``__init__`` keyword argument'.,"Same split of parameters between __init__ and fit, stated from the fit side and hedged."
SCIKIT-LEARN-C150,https://scikit-learn.org/dev/developers/develop.html | Estimators > Fitting,"When ``fit`` is called, any previous call to ``fit`` should be ignored. In
general, calling ``estimator.fit(X1)`` and then ``estimator.fit(X2)`` should
be the same as only calling ``estimator.fit(X2)``.",Make a second call to fit discard the state left by the first.,must,code,Language and framework style,"'However, this may not be true in practice when ``fit`` depends on some random process' and '``warm_start=True`` means that the previous state of the trainable parameters of the estimator are reused' - two exceptions granted in the same paragraph.",Trigger: estimator fit methods.
SCIKIT-LEARN-C151,https://scikit-learn.org/dev/developers/develop.html | Estimators > Estimated Attributes,"attributes which you'd want to expose to your
users as public attributes and have been estimated or learned from the data must always
have a name ending with trailing underscore, for example the coefficients of some
regression estimator would be stored in a ``coef_`` attribute after ``fit`` has been
called.",Name every public learned attribute with a trailing underscore.,must,code,Language and framework style,'must always' - and `check_is_fitted` keys off exactly this convention: 'By default check_is_fitted checks if there are any attributes in the instance with a trailing underscore'.,Trigger: estimators storing learned values.
SCIKIT-LEARN-C152,https://scikit-learn.org/dev/developers/develop.html | Estimators > Estimated Attributes,"Similarly, attributes that you learn in the process and you'd like to store yet
not expose to the user, should have a leading underscore, e.g. ``_intermediate_coefs``.",Name a learned but non-public attribute with a leading underscore.,must,code,Language and framework style,Paired with the trailing-underscore rule for public learned attributes; the following sentence ties each group to a documentation obligation.,Trigger: estimators storing internal learned values.
SCIKIT-LEARN-C153,https://scikit-learn.org/dev/developers/develop.html | Estimators > Estimated Attributes,"You'd need to document the first group (with a trailing underscore) as ""Attributes"" and
no need to document the second group (with a leading underscore).",Document trailing-underscore attributes in the docstring's Attributes section.,must,docs,Documentation and docstrings,"Complements the Instantiation rule that constructor arguments belong under Parameters, not Attributes.",Trigger: estimators with learned public attributes.
SCIKIT-LEARN-C154,https://scikit-learn.org/dev/developers/develop.html | Estimators > Estimated Attributes,"The estimated attributes are expected to be overridden when you call ``fit`` a second
time.",Overwrite the estimated attributes on a second call to fit.,must,code,Language and framework style,"Restates the Fitting section's rule that a second fit must behave as if the first had not happened, at the level of the stored attributes.",Trigger: estimator fit methods.
SCIKIT-LEARN-C155,https://scikit-learn.org/dev/developers/develop.html | Estimators > Universal attributes,"Estimators that expect tabular input should set a `n_features_in_`
attribute at `fit` time to indicate the number of features that the estimator
expects for subsequent calls to :term:`predict` or :term:`transform`.",Set n_features_in_ at fit time on an estimator that expects tabular input.,must,code,Language and framework style,'See `SLEP010` for details.' and 'Using :func:`~sklearn.utils.validation.validate_data` would automatically set these attributes for you.',Trigger: estimators taking tabular input. An exact attribute name.
SCIKIT-LEARN-C156,https://scikit-learn.org/dev/developers/develop.html | Estimators > Universal attributes,"Similarly, if estimators are given dataframes such as pandas or polars, they should
set a ``feature_names_in_`` attribute to indicate the features names of the input data,
detailed in `SLEP007",Set feature_names_in_ when the estimator is fitted on a dataframe.,must,code,Language and framework style,"Same paragraph as n_features_in_, and `validate_data` sets both automatically.",Trigger: estimators accepting dataframes. An exact attribute name.
SCIKIT-LEARN-C157,https://scikit-learn.org/dev/developers/develop.html | Rolling your own estimator,"You can check whether your estimator
adheres to the scikit-learn interface and standards by running
:func:`~sklearn.utils.estimator_checks.check_estimator` on an instance.",Run check_estimator on a new estimator instance.,maybe,test,Tests and test style,'The :func:`~sklearn.utils.estimator_checks.parametrize_with_checks` pytest decorator can also be used'. contributing.html offers the same suite as `pytest sklearn/tests/test_common.py -k <Estimator>`.,Trigger: new or changed estimators. Two ways of invoking the same check suite.
SCIKIT-LEARN-C158,https://scikit-learn.org/dev/developers/develop.html | Rolling your own estimator,"Out of all the methods that an estimator implements, ``fit`` is usually the one you
want to implement yourself. Other methods such as ``set_params``, ``get_params``, etc.
are implemented in :class:`~sklearn.base.BaseEstimator`, which you should inherit from.",Inherit a new estimator from BaseEstimator.,must,code,Language and framework style,"'if you don't inherit from the right mixins, either there will be a large amount of boilerplate code for you to implement and keep in sync with scikit-learn development, or your estimator might not function the same way as a scikit-learn estimator.'",Trigger: new estimator classes.
SCIKIT-LEARN-C159,https://scikit-learn.org/dev/developers/develop.html | Rolling your own estimator,"It is particularly important to notice that mixins should be ""on the left"" while
    the ``BaseEstimator`` should be ""on the right"" in the inheritance list for proper
    MRO.",List mixins before BaseEstimator in a new estimator's bases.,must,code,Language and framework style,"Its consequence is stated: proper method resolution order. The worked example is `class TemplateClassifier(ClassifierMixin, BaseEstimator)`.","Trigger: new estimator classes. An exact ordering, readable from the class statement."
SCIKIT-LEARN-C160,https://scikit-learn.org/dev/developers/develop.html | Cloning,"Estimators can customize the behavior of :func:`base.clone` by overriding the
:func:`base.BaseEstimator.__sklearn_clone__` method. `__sklearn_clone__` must return an
instance of the estimator.",Return an estimator instance from __sklearn_clone__.,must,code,Language and framework style,"'`__sklearn_clone__` is useful when an estimator needs to hold on to some state when :func:`base.clone` is called on the estimator. For example, FrozenEstimator makes use of this.'",Trigger: only where the contribution overrides __sklearn_clone__.
SCIKIT-LEARN-C161,https://scikit-learn.org/dev/developers/develop.html | Estimator types,"**Transformers** inherit from :class:`~base.TransformerMixin`, and implement a `transform`
method.",Make a transformer inherit TransformerMixin and implement transform.,must,code,Language and framework style,"One of four estimator kinds, each tied to its mixin; the set_output API 'is automatically defined if the transformer defines get_feature_names_out and subclasses TransformerMixin'.",Trigger: adding a transformer.
SCIKIT-LEARN-C162,https://scikit-learn.org/dev/developers/develop.html | Estimator types,"Note
that they should never change the number of input samples, and the output of `transform`
should correspond to its input samples in the same given order.",Keep transform's output aligned one-to-one and in order with its input samples.,prohibited,code,Language and framework style,"Sharpens the page's own definition of a Transformer, 'e.g. by adding, changing, or removing columns, but not by adding or removing rows'.",Trigger: transformers.
SCIKIT-LEARN-C163,https://scikit-learn.org/dev/developers/develop.html | Estimator types,"**Regressors** inherit from :class:`~base.RegressorMixin`, and implement a `predict` method.
They should accept numerical ``y`` in their `fit` method.","Make a regressor inherit RegressorMixin, implement predict and accept numerical y.",must,code,Language and framework style,'Regressors use :func:`~metrics.r2_score` by default in their score method' - inheriting the mixin is what supplies score.,Trigger: adding a regressor.
SCIKIT-LEARN-C164,https://scikit-learn.org/dev/developers/develop.html | Estimator types,"**Classifiers** inherit from :class:`~base.ClassifierMixin`. If it applies, classifiers can
implement ``decision_function`` to return raw decision values, based on which
``predict`` can make its decision.",Make a classifier inherit ClassifierMixin.,must,code,Language and framework style,"'If calculating probabilities is supported, classifiers can also implement ``predict_proba`` and ``predict_log_proba``' - those two are optional, the mixin is not.",Trigger: adding a classifier.
SCIKIT-LEARN-C165,https://scikit-learn.org/dev/developers/develop.html | Estimator types,"Classifiers should accept ``y`` (target) arguments to ``fit`` that are sequences (lists,
arrays) of either strings or integers.",Accept string or integer label sequences as y in a classifier's fit.,must,code,Language and framework style,"The following sentences forbid assuming a contiguous integer range and require `classes_`, with `self.classes_, y = np.unique(y, return_inverse=True)` given as the easiest way.",Trigger: classifiers.
SCIKIT-LEARN-C166,https://scikit-learn.org/dev/developers/develop.html | Estimator types,"They should not assume that the class labels are
a contiguous range of integers; instead, they should store a list of classes in a
``classes_`` attribute or property.",Store the observed labels in classes_ instead of assuming a contiguous integer range.,prohibited,code,Language and framework style,"Worked with `self.classes_, y = np.unique(y, return_inverse=True)`; the trailing underscore also makes it an estimated attribute under the Estimated Attributes rules.",Trigger: classifiers. Names the exact attribute.
SCIKIT-LEARN-C167,https://scikit-learn.org/dev/developers/develop.html | Estimator types,"The order of class labels in this attribute should
match the order in which ``predict_proba``, ``predict_log_proba`` and
``decision_function`` return their values.","Order classes_ to match the column order of predict_proba, predict_log_proba and decision_function.",must,code,Language and framework style,"Followed by the predict recipe `return self.classes_[np.argmax(D, axis=1)]`, which is only correct if the orders agree.",Trigger: classifiers implementing any of the three methods.
SCIKIT-LEARN-C168,https://scikit-learn.org/dev/developers/develop.html | Estimator types,"A classifier's ``predict`` method should return arrays containing class labels from
``classes_``.",Return labels drawn from classes_ out of a classifier's predict.,must,code,Language and framework style,"'In a classifier that implements ``decision_function``, this can be achieved with: `return self.classes_[np.argmax(D, axis=1)]`'.",Trigger: classifiers.
SCIKIT-LEARN-C169,https://scikit-learn.org/dev/developers/develop.html | Estimator types,**Clustering algorithms** inherit from :class:`~base.ClusterMixin`.,Make a clustering algorithm inherit ClusterMixin.,must,code,Language and framework style,"Fourth of the four estimator kinds, each tied to its mixin.",Trigger: adding a clustering algorithm.
SCIKIT-LEARN-C170,https://scikit-learn.org/dev/developers/develop.html | Estimator types,"Ideally, they should
accept a ``y`` parameter in their ``fit`` method, but it should be ignored.",Accept and ignore a y parameter in a clustering algorithm's fit.,maybe,code,Language and framework style,'Ideally'. The Fitting section states the same requirement unhedged for every unsupervised estimator: 'even unsupervised estimators need to accept a ``y=None`` keyword argument in the second position that is just ignored'.,"Clustering-specific restatement of the unsupervised fit signature rule, hedged."
SCIKIT-LEARN-C171,https://scikit-learn.org/dev/developers/develop.html | Estimator types,"Clustering
algorithms should set a ``labels_`` attribute, storing the labels assigned to each
sample.",Set a labels_ attribute holding the per-sample cluster assignment.,must,code,Language and framework style,"'If applicable, they can also implement a ``predict`` method, returning the labels assigned to newly given samples' - predict is optional, labels_ is not.",Trigger: clustering algorithms. An exact attribute name.
SCIKIT-LEARN-C172,https://scikit-learn.org/dev/developers/develop.html | Estimator Tags,"You can change the default values by defining a `__sklearn_tags__()` method
which returns the new values for your estimator's tags.",Override __sklearn_tags__ to change an estimator's default tags.,maybe,code,Language and framework style,'It is unlikely that the default values for each tag will suit the needs of your specific estimator.' The worked example calls `super().__sklearn_tags__()` first.,Trigger: only where the contribution needs non-default tags.
SCIKIT-LEARN-C173,https://scikit-learn.org/dev/developers/develop.html | Estimator Tags,"You can create a new subclass of :class:`~sklearn.utils.Tags` if you wish to add new
tags to the existing set. Note that all attributes that you add in a child class need
to have a default value.",Give every attribute added to a Tags subclass a default value.,must,code,Language and framework style,Worked with a `@dataclass class MyTags(Tags): my_tag: bool = True`; the dataclass machinery is what makes the default mandatory.,Trigger: only where the contribution subclasses Tags.
SCIKIT-LEARN-C174,https://scikit-learn.org/dev/developers/develop.html | Developer API for `set_output`,"You can opt-out of the `set_output` API by setting `auto_wrap_output_keys=None`
when defining a custom subclass::",Opt a transformer out of set_output with auto_wrap_output_keys=None.,maybe,code,Language and framework style,"'The default value for `auto_wrap_output_keys` is `(""transform"",)`, which automatically wraps `fit_transform` and `transform`.'",Trigger: only where the contribution opts a transformer out of set_output.
SCIKIT-LEARN-C175,https://scikit-learn.org/dev/developers/develop.html | Developer API for `set_output`,"Super classes' `__init_subclass__` should
**not** depend on `auto_wrap_output_keys`.",Do not let a super class's __init_subclass__ depend on auto_wrap_output_keys.,prohibited,code,Language and framework style,'The `TransformerMixin` uses the `__init_subclass__` mechanism to consume `auto_wrap_output_keys` and pass all other keyword arguments to its super class' - the keyword is consumed before the super class sees it.,Trigger: transformers defining __init_subclass__.
SCIKIT-LEARN-C176,https://scikit-learn.org/dev/developers/develop.html | Developer API for `check_is_fitted`,"An estimator can change the behavior by implementing a `__sklearn_is_fitted__`
method taking no input and returning a boolean. If this method exists,
:func:`~sklearn.utils.validation.check_is_fitted` simply returns its output.",Give __sklearn_is_fitted__ no parameters and a boolean return.,must,code,Language and framework style,'By default check_is_fitted checks if there are any attributes in the instance with a trailing underscore' - this method replaces that check entirely.,Trigger: only where the contribution implements __sklearn_is_fitted__.
SCIKIT-LEARN-C177,https://scikit-learn.org/dev/developers/develop.html | Developer API for HTML representation,"To customize the URL linking to an estimator's documentation (i.e. when clicking on the
""?"" icon), override the `_doc_link_module` and `_doc_link_template` attributes.",Override _doc_link_module and _doc_link_template to customize an estimator's doc link.,must,code,Language and framework style,'.. warning:: The HTML representation API is experimental and the API is subject to change.',Trigger: only where the contribution customizes the HTML repr doc link.
SCIKIT-LEARN-C178,https://scikit-learn.org/dev/developers/develop.html | Developer API for HTML representation,"Set
`_doc_link_module` to the name of the (top level) module that contains your estimator.
If the value does not match the top level module name, the HTML representation will not
contain a link to the documentation.",Set _doc_link_module to the top-level module name containing the estimator.,must,code,Language and framework style,"The consequence of getting it wrong is stated, and the scikit-learn value is given: 'For scikit-learn estimators this is set to `""sklearn""`.'",Trigger: estimators customizing the HTML repr doc link.
SCIKIT-LEARN-C179,https://scikit-learn.org/dev/developers/develop.html | Developer API for HTML representation,"If you need more variables you
should implement the `_doc_link_url_param_generator` method which should return a
dictionary of the variables and their values.",Return a dict of template variables from _doc_link_url_param_generator.,must,code,Language and framework style,"'By default, it can contain two variables: `estimator_module` ... and `estimator_name`' - the method is only needed beyond those two.",Trigger: doc-link templates needing variables beyond the two defaults.
SCIKIT-LEARN-C180,https://scikit-learn.org/dev/developers/develop.html | Coding guidelines,"The
scikit-learn project tries to closely follow the official Python guidelines
detailed in `PEP8 <https://www.python.org/dev/peps/pep-0008>`_ that
detail how code should be formatted and indented. Please read it and
follow it.",Format contributed Python code according to PEP8.,must,code,Code and quality,"The section opens 'Of course, there are special cases and there will be exceptions to these rules' and closes 'we expect that enforcing those constraints on all new contributions will get the overall code base quality in the right direction.' ruff enforces the mechanical part: `[tool.ruff] line-length = 88` and `extend-select = [""E501"", ""W"", ""I"", ...]`, run with `--fix` in .pre-commit-config.yaml.",Pointer to an external standard; traversal stops at PEP8.
SCIKIT-LEARN-C181,https://scikit-learn.org/dev/developers/develop.html | Coding guidelines,"Use underscores to separate words in non class names: ``n_samples``
  rather than ``nsamples``.",Separate words with underscores in non-class names.,must,code,Language and framework style,"The section opens 'Of course, there are special cases and there will be exceptions to these rules' and closes 'we expect that enforcing those constraints on all new contributions will get the overall code base quality in the right direction.' The rule is given with a worked pair, n_samples rather than nsamples.",First of the eight added guidelines.
SCIKIT-LEARN-C182,https://scikit-learn.org/dev/developers/develop.html | Coding guidelines,"Avoid multiple statements on one line. Prefer a line return after
  a control flow statement (``if``/``for``).","Put no more than one statement on a line, and break after if and for.",must,code,Language and framework style,"The section opens 'Of course, there are special cases and there will be exceptions to these rules' and closes 'we expect that enforcing those constraints on all new contributions will get the overall code base quality in the right direction.' ruff's E-rules cover multiple statements on one line, and ruff-format rewrites them.",Names the exact constructs it governs.
SCIKIT-LEARN-C183,https://scikit-learn.org/dev/developers/develop.html | Coding guidelines,Use absolute imports,Use absolute imports.,must,code,Language and framework style,"The section opens 'Of course, there are special cases and there will be exceptions to these rules' and closes 'we expect that enforcing those constraints on all new contributions will get the overall code base quality in the right direction.' pyproject.toml sets `[tool.ruff.lint.flake8-tidy-imports] ban-relative-imports = ""all""`, and cython-lint runs with `--ban-relative-imports`.","Three words, no exception offered anywhere on the page."
SCIKIT-LEARN-C184,https://scikit-learn.org/dev/developers/develop.html | Coding guidelines,"Unit tests should use imports exactly as client code would.
  If ``sklearn.foo`` exports a class or function that is implemented in
  ``sklearn.foo.bar.baz``, the test should import it from ``sklearn.foo``.","Import the object under test from its public location, as client code would.",must,test,Tests and test style,"The section opens 'Of course, there are special cases and there will be exceptions to these rules' and closes 'we expect that enforcing those constraints on all new contributions will get the overall code base quality in the right direction.' The worked case fixes the meaning: import from sklearn.foo, never from sklearn.foo.bar.baz.",Trigger: test modules.
SCIKIT-LEARN-C185,https://scikit-learn.org/dev/developers/develop.html | Coding guidelines,"**Please don't use** ``import *`` **in any case**. It is considered harmful
  by the `official Python recommendations",Never use a star import.,prohibited,code,Language and framework style,"'It makes the code harder to read as the origin of symbols is no longer explicitly referenced, but most important, it prevents using a static analysis tool like pyflakes to automatically find bugs in scikit-learn.' The 'in any case' overrides the section's general exception clause.",The one guideline on the page that refuses exceptions in its own wording.
SCIKIT-LEARN-C186,https://scikit-learn.org/dev/developers/develop.html | Coding guidelines,"Use the `numpy docstring standard
  <https://numpydoc.readthedocs.io/en/latest/format.html#docstring-standard>`_
  in all your docstrings.",Write docstrings in the numpydoc standard.,must,docs,Documentation and docstrings,"The section opens 'Of course, there are special cases and there will be exceptions to these rules' and closes 'we expect that enforcing those constraints on all new contributions will get the overall code base quality in the right direction.' contributing.html fixes the section order and the parameter-type conventions on top of the standard.",Pointer to an external standard; traversal stops at numpydoc.
SCIKIT-LEARN-C187,https://scikit-learn.org/dev/developers/develop.html | Coding guidelines,"When applicable, use the validation tools and scripts in the
  :mod:`sklearn.utils` module.",Use the sklearn.utils validation helpers rather than open-coding validation.,must,code,Language and framework style,'When applicable' plus 'An overview of utility routines available for developers can be found in the sections below and the :ref:`developers-utils` page.' The Utilities page repeats it as 'the following should be used when applicable'.,"Which helper applies, and whether any does, is a reading of the function being written."
SCIKIT-LEARN-C188,https://scikit-learn.org/dev/developers/develop.html | Coding guidelines,"Only write inline comments that add value and avoid stating the obvious: explain
  the ""why"" rather than the ""what"".","Write inline comments that explain why, not what.",must,code,Code and quality,"The section opens 'Of course, there are special cases and there will be exceptions to these rules' and closes 'we expect that enforcing those constraints on all new contributions will get the overall code base quality in the right direction.' AGENTS.md gives the same instruction for generated summaries: 'avoid stating the obvious, avoid filler phrases'.",No test of what counts as adding value.
SCIKIT-LEARN-C189,https://scikit-learn.org/dev/developers/develop.html | Coding guidelines > Input validation,"Sometimes, ``np.asarray`` suffices for validation;
do *not* use ``np.asanyarray`` or ``np.atleast_2d``, since those let NumPy's
``np.matrix`` through, which has a different API",Do not use np.asanyarray or np.atleast_2d for input validation.,prohibited,code,Language and framework style,"The consequence is spelled out: '(e.g., ``*`` means dot product on ``np.matrix``, but Hadamard product on ``np.ndarray``)'.",Names two exact functions to avoid and one that is acceptable.
SCIKIT-LEARN-C190,https://scikit-learn.org/dev/developers/develop.html | Coding guidelines > Input validation,"In other cases, be sure to call :func:`check_array` on any array-like argument
passed to a scikit-learn API function.",Call check_array on any array-like argument to a public API function.,must,code,Language and framework style,"'The exact parameters to use depends mainly on whether and which ``scipy.sparse`` matrices must be accepted.' develop.html elsewhere offers `validate_data`, which wraps it and sets n_features_in_.",Trigger: public functions taking array-like arguments.
SCIKIT-LEARN-C191,https://scikit-learn.org/dev/developers/develop.html | Coding guidelines > Random Numbers,"If your code depends on a random number generator, do not use
``numpy.random.random()`` or similar routines.",Do not call numpy.random.random or similar module-level RNG routines.,prohibited,code,Language and framework style,'To ensure repeatability in error checking'. The Utilities page states the same prohibition as 'it should never use functions like ``numpy.random.random`` or ``numpy.random.normal``'.,Trigger: code using randomness.
SCIKIT-LEARN-C192,https://scikit-learn.org/dev/developers/develop.html | Coding guidelines > Random Numbers,"the routine should accept a keyword
``random_state`` and use this to construct a
``numpy.random.RandomState`` object.",Take a random_state keyword and build a RandomState from it.,must,code,Language and framework style,"'See :func:`sklearn.utils.check_random_state`', and the worked `choose_random_sample` function shows the pattern in full.",Trigger: functions using randomness. An exact keyword name.
SCIKIT-LEARN-C193,https://scikit-learn.org/dev/developers/develop.html | Coding guidelines > Random Numbers,"First off, the estimator should take a ``random_state`` argument to its
``__init__`` with a default value of ``None``.",Give an estimator a random_state __init__ argument defaulting to None.,must,code,Language and framework style,"'If you use randomness in an estimator instead of a freestanding function, some additional guidelines apply.' Worked in the GaussianNoise example.",Trigger: estimators using randomness. An exact name and an exact default.
SCIKIT-LEARN-C194,https://scikit-learn.org/dev/developers/develop.html | Coding guidelines > Random Numbers,"It should store that argument's value, **unmodified**,
in an attribute ``random_state``.",Store the random_state argument unmodified in an attribute of the same name.,must,code,Language and framework style,A special case of the Instantiation rule that every __init__ keyword corresponds to an identically named attribute and that no logic runs in __init__.,Trigger: estimators using randomness.
SCIKIT-LEARN-C195,https://scikit-learn.org/dev/developers/develop.html | Coding guidelines > Random Numbers,"``fit`` can call ``check_random_state`` on that attribute
to get an actual random number generator.",Resolve random_state into a generator with check_random_state inside fit.,maybe,code,Language and framework style,"'The reason for this setup is reproducibility: when an estimator is ``fit`` twice to the same data, it should produce an identical model both times, hence the validation in ``fit``, not ``__init__``.'",Trigger: estimators using randomness.
SCIKIT-LEARN-C196,https://scikit-learn.org/dev/developers/develop.html | Coding guidelines > Random Numbers,"If, for some reason, randomness is needed after ``fit``,
the RNG should be stored in an attribute ``random_state_``.",Store a post-fit generator in the random_state_ attribute.,must,code,Language and framework style,"Worked in GaussianNoise, where `self.random_state_ = check_random_state(self.random_state)` is set in fit and used in transform.",Trigger: estimators needing randomness after fit. The trailing underscore also makes it an estimated attribute.
SCIKIT-LEARN-C197,https://scikit-learn.org/dev/developers/develop.html | Coding guidelines > Numerical assertions in tests,"When asserting the quasi-equality of arrays of continuous values,
do use `sklearn.utils._testing.assert_allclose`.",Assert quasi-equality of float arrays with sklearn.utils._testing.assert_allclose.,must,test,Tests and test style,'The relative tolerance is automatically inferred from the provided arrays dtypes (for float32 and float64 dtypes in particular) but you can override via ``rtol``.',"Trigger: tests comparing continuous arrays. Names the scikit-learn helper, not numpy's."
SCIKIT-LEARN-C198,https://scikit-learn.org/dev/developers/develop.html | Coding guidelines > Numerical assertions in tests,"When comparing arrays of zero-elements, please do provide a non-zero value for
the absolute tolerance via ``atol``.",Pass a non-zero atol when comparing arrays containing zeros.,must,test,Tests and test style,"'For more information, please refer to the docstring of `sklearn.utils._testing.assert_allclose`.' Relative tolerance alone is meaningless against zero.",Trigger: tests comparing arrays that contain zeros.
SCIKIT-LEARN-C199,https://scikit-learn.org/dev/developers/plotting.html | Plotting API Overview,"The `Display` class should define one or both class methods: `from_estimator` and
`from_predictions`. These methods allow creating the `Display` object from
the estimator and some data or from the true and predicted values.","Define from_estimator, from_predictions or both on a Display class.",must,code,Language and framework style,"'For example, the `RocCurveDisplay` defines the following methods and attributes' - the worked class implements both as @classmethod.",Trigger: contributions adding a Display class. The conformance obligation of the whole page.
SCIKIT-LEARN-C200,https://scikit-learn.org/dev/developers/plotting.html | Plotting API Overview,"This logic is encapsulated into a display object where the computed data is
stored and the plotting is done in a `plot` method. The display object's
`__init__` method contains only the data needed to create the visualization.",Accept only the computed data in a Display's __init__.,must,code,Language and framework style,'The key features of this API are to run calculations once and to have the flexibility to adjust the visualizations after the fact.' Mirrors the estimator rule that __init__ takes no data-derived logic.,Trigger: Display classes.
SCIKIT-LEARN-C201,https://scikit-learn.org/dev/developers/plotting.html | Plotting API Overview,"The `plot` method takes in parameters that only have to do with visualization,
such as a matplotlib axes.",Restrict a Display's plot method parameters to visualization concerns.,must,code,Language and framework style,"Complements the __init__ rule: computation happens once at construction, styling happens at plot time.",Trigger: Display classes.
SCIKIT-LEARN-C202,https://scikit-learn.org/dev/developers/plotting.html | Plotting API Overview,"The `plot` method will store the matplotlib artists
as attributes allowing for style adjustments through the display object.",Store the matplotlib artists created by plot as attributes on the Display.,must,code,Language and framework style,"'This allows for customizations after calling the `plot` method.' The worked RocCurveDisplay sets `self.line_`, `self.ax_` and `self.figure_`.",Trigger: Display classes. The artists are trailing-underscore attributes.
SCIKIT-LEARN-C203,https://scikit-learn.org/dev/developers/plotting.html | Plotting API Overview,"After these
class methods create the display object with the computed values, then call the
display's plot method.",Return the result of plot() from a Display's from_estimator and from_predictions.,must,code,Language and framework style,The worked `from_predictions` ends `viz = RocCurveDisplay(...)` then `return viz.plot()`.,Trigger: Display class methods.
SCIKIT-LEARN-C204,https://scikit-learn.org/dev/developers/plotting.html | Plotting with Multiple Axes,"1. If a list of axes is passed in, `plot` will check if the number of axes is
consistent with the number of axes it expects and then draws on those axes.",Validate the number of axes when a list of axes is passed to plot.,must,code,Language and framework style,'Two different scenarios are supported' - the other is a single axes defining a space subdivided with a gridspec.,Trigger: Displays supporting multiple axes.
SCIKIT-LEARN-C205,https://scikit-learn.org/dev/developers/plotting.html | Plotting with Multiple Axes,"In this case, we suggest using matplotlib's
`~matplotlib.gridspec.GridSpecFromSubplotSpec` to split up the space::",Subdivide a single passed axes with GridSpecFromSubplotSpec.,maybe,code,Language and framework style,"'we suggest', with a worked snippet; 'By default, the `ax` keyword in `plot` is `None`. In this case, the single axes is created and the gridspec api is used'.",Trigger: Displays that draw on multiple axes.
SCIKIT-LEARN-C206,https://scikit-learn.org/dev/developers/plotting.html | Using `matplotlib`,"Therefore, it is also not imported globally in the display classes, but only
within the plotting functions where it is actually needed.","Import matplotlib inside the plotting function, never at module level.",must,code,Language and framework style,"'To keep `scikit-learn` as lightweight as possible, `matplotlib` is not a required dependency for building and using the package (it is only required for building the docs).'",Trigger: modules that plot. Readable from the import position.
SCIKIT-LEARN-C207,https://scikit-learn.org/dev/developers/plotting.html | Using `matplotlib`,"Before importing it, use
`check_matplotlib_support` from `_optional_dependencies.py",Call check_matplotlib_support before importing matplotlib.,must,code,Language and framework style,"'This will check if it is installed, and if not, also raises a comprehensive error message including the caller that requested it, for reference.'",Trigger: modules that plot. Names the exact helper and its module.
SCIKIT-LEARN-C208,https://scikit-learn.org/dev/developers/plotting.html | Using `matplotlib`,"For testing, use the `pyplot` fixture from `conftest.py
<https://github.com/scikit-learn/scikit-learn/blob/main/sklearn/conftest.py>`_ as
the first argument in every test that requires it.",Take the pyplot fixture as the first argument of every test that needs matplotlib.,must,test,Tests and test style,"'This imports `matplotlib.pyplot` (or skips the test, if it is not installed) and also takes care of closing all figures before and after running the test.' contributing.html states the same rule without the first-argument requirement.",Trigger: tests touching matplotlib. Stricter than the contributing.html statement of the same rule.
SCIKIT-LEARN-C209,https://scikit-learn.org/dev/developers/cython.html | Tips for performance,Always prefer memoryviews instead of ``cnp.ndarray`` when possible: memoryviews are lightweight.,Use memoryviews rather than cnp.ndarray in Cython code.,must,code,Specialized changes,"'Always prefer ... when possible' - the reason given is weight, and the following bullet warns off memoryview slicing.",Trigger: contributions containing Cython.
SCIKIT-LEARN-C210,https://scikit-learn.org/dev/developers/cython.html | Tips for performance,"Avoid memoryview slicing: memoryview slicing might be costly or misleading in some cases and
  we better not use it, even if handling fewer dimensions in some context would be preferable.",Do not slice memoryviews in Cython code.,prohibited,code,Specialized changes,'even if handling fewer dimensions in some context would be preferable' - the section closes off the obvious reason to deviate.,Trigger: Cython code using memoryviews.
SCIKIT-LEARN-C211,https://scikit-learn.org/dev/developers/cython.html | Tips for performance,Decorate final classes or methods with ``@final`` (this allows removing virtual tables when needed),Decorate final Cython classes and methods with @final.,must,code,Specialized changes,The parenthesis gives the consequence: virtual tables can be removed.,Trigger: Cython classes and methods that are not subclassed.
SCIKIT-LEARN-C212,https://scikit-learn.org/dev/developers/cython.html | Tips for performance,Inline methods and functions when it makes sense,Inline Cython methods and functions where it helps.,maybe,code,Specialized changes,"'when it makes sense', in a list that ends 'In doubt, read the generated C or C++ code if you can'.",Trigger: Cython code.
SCIKIT-LEARN-C213,https://scikit-learn.org/dev/developers/cython.html | Tips for performance,"Interactions with the CPython interpreter must be avoided as much as possible in
  the computationally intensive sections of the algorithms.",Avoid CPython interpreter interactions in computationally intensive Cython sections.,must,code,Specialized changes,'Using the ``--annotate`` option with this flag allows generating an HTML report of code annotation. This report indicates interactions with the CPython interpreter on a line-by-line basis.',Trigger: Cython hot loops. 'As much as possible' leaves the threshold open.
SCIKIT-LEARN-C214,https://scikit-learn.org/dev/developers/cython.html | Tips for performance,"``nogil`` declarations are just hints: when declaring the ``cdef`` functions
  as nogil, it means that they can be called without holding the GIL, but it does not release
  the GIL when entering them. You have to do that yourself either by passing ``nogil=True`` to
  ``cython.parallel.prange`` explicitly, or by using an explicit context manager:",Release the GIL explicitly with prange(nogil=True) or a with nogil block.,must,code,Specialized changes,Worked with `cdef inline void my_func(self) nogil:` containing a `with nogil:` block; declaring nogil alone is stated to do nothing.,Trigger: Cython code declaring nogil functions.
SCIKIT-LEARN-C215,https://scikit-learn.org/dev/developers/cython.html | Tips for performance,Direct calls to BLAS routines are possible via interfaces defined in ``sklearn.utils._cython_blas``.,Reach BLAS from Cython through sklearn.utils._cython_blas.,maybe,code,Specialized changes,"Stated as a possibility at the end of the performance list, with no alternative offered and no prohibition on other routes.",Trigger: Cython code calling BLAS.
SCIKIT-LEARN-C216,https://scikit-learn.org/dev/developers/cython.html | Using OpenMP,"Since scikit-learn can be built without OpenMP, it's necessary to protect each
direct call to OpenMP.",Guard every direct OpenMP call so the code still builds without OpenMP.,must,code,Specialized changes,'The `_openmp_helpers` module ... provides protected versions of the OpenMP routines.',Trigger: Cython code calling OpenMP.
SCIKIT-LEARN-C217,https://scikit-learn.org/dev/developers/cython.html | Using OpenMP,"To use OpenMP routines, they
must be ``cimported`` from this module and not from the OpenMP library directly:","cimport OpenMP routines from sklearn.utils._openmp_helpers, not from the OpenMP library.",must,code,Specialized changes,"Worked as `from sklearn.utils._openmp_helpers cimport omp_get_max_threads`. 'The parallel loop, `prange`, is already protected by cython and can be used directly from `cython.parallel`.'",Trigger: Cython code calling OpenMP routines other than prange.
SCIKIT-LEARN-C218,https://scikit-learn.org/dev/developers/cython.html | Using OpenMP > Types,"Cython code requires to use explicit types. This is one of the reasons you get a
performance boost.",Declare explicit types in Cython code.,must,code,Specialized changes,"'In order to avoid code duplication, we have a central place for the most used types in `sklearn/utils/_typedefs.pxd`.'",Trigger: Cython code.
SCIKIT-LEARN-C219,https://scikit-learn.org/dev/developers/cython.html | Using OpenMP > Types,"Ideally you start by having a look there and `cimport` types you need, for example

.. code-block:: cython

    from sklearn.utils._typedefs cimport float32, float64",cimport shared types from sklearn.utils._typedefs rather than redefining them.,maybe,code,Specialized changes,'Ideally'. The rationale given is avoiding code duplication; contributing.html notes 'scikit-learn codebase has a lot of non-unified (fused) types (re)definitions' with ongoing work to unify them.,Trigger: Cython code needing numeric types.
SCIKIT-LEARN-C220,https://scikit-learn.org/dev/developers/cython.html | Tips to ease development,"Note that Cython cannot parse f-strings with ``{var=}`` expressions, e.g.

  .. code-block:: bash

         print(f""{test_val=}"")",Do not use {var=} f-string expressions in Cython code.,prohibited,code,Specialized changes,"Stated as a parser limitation rather than a preference, in the list of development tips.",Trigger: Cython code. The build fails rather than the reviewer objecting.
SCIKIT-LEARN-C221,https://scikit-learn.org/dev/developers/callback_support.html | The CallbackSupportMixin class,"To support callbacks, an estimator must inherit from the :class:`~CallbackSupportMixin`
class, which exposes the following methods:",Inherit from CallbackSupportMixin to give an estimator callback support.,must,code,Language and framework style,"The page opens: 'Adding callback support in an estimator boils down to enabling the registration of callbacks, expressing fit as a tree of tasks, and invoking the callbacks at the beginning and end of each of these tasks.'",Trigger: contributions adding callback support to an estimator.
SCIKIT-LEARN-C222,https://scikit-learn.org/dev/developers/callback_support.html | The CallbackSupportMixin class,":meth:`~CallbackSupportMixin._init_callback_context`, which should be called at the
  beginning of fit to create the root :class:`~CallbackContext`, corresponding to the
  task that represents the entire execution of `fit`.",Call _init_callback_context at the start of fit to create the root callback context.,must,code,Language and framework style,'While the leading underscore signals that _init_callback_context is intended for internal use ... it is made available to developers building third-party estimators and should be considered part of the public API contract.',Trigger: estimators supporting callbacks. An exact call at an exact point.
SCIKIT-LEARN-C223,https://scikit-learn.org/dev/developers/callback_support.html | The with_callbacks decorator,"For third-party estimators implementing callback support, the `fit` method should be
decorated with the :func:`~with_callbacks` decorator. This decorator guarantees that the
callbacks are torn down after `fit` finishes, even if it exits on an error.",Decorate a third-party callback-supporting estimator's fit with with_callbacks.,must,code,Language and framework style,"'For scikit-learn's built-in estimators, the :func:`~sklearn.base._fit_context` decorator already takes care of the callbacks teardown, thus :func:`~with_callbacks` should not be used.'",Trigger: third-party estimators only; inside scikit-learn the decorator is forbidden.
SCIKIT-LEARN-C224,https://scikit-learn.org/dev/developers/callback_support.html | The with_callbacks decorator,"For scikit-learn's built-in estimators, the :func:`~sklearn.base._fit_context` decorator
already takes care of the callbacks teardown, thus :func:`~with_callbacks` should not be
used.",Do not use with_callbacks on a built-in scikit-learn estimator.,prohibited,code,Language and framework style,"The complement of the third-party rule in the same paragraph; _fit_context already performs the teardown, so the decorator would double it.",Trigger: callback support added to an in-tree estimator.
SCIKIT-LEARN-C225,https://scikit-learn.org/dev/developers/developing_callbacks.html | The callback protocol,"To be compatible with scikit-learn estimators, :term:`callbacks` must implement the
:class:`FitCallback` `protocol",Implement the full FitCallback protocol on a callback.,must,code,Language and framework style,"The protocol is given in full: setup, on_fit_task_begin, on_fit_task_end and teardown, with the return type of each.",Trigger: contributions adding a callback. One conformance obligation covering the four hooks.
SCIKIT-LEARN-C226,https://scikit-learn.org/dev/developers/developing_callbacks.html | The callback protocol,"In concrete implementations of callbacks, only the optional keyword-only arguments
  actually used by the hook should be explicitly declared in the hook signature.",Declare only the optional hook arguments the callback actually uses.,must,code,Language and framework style,"'The presence of an argument in the signature signals that the hook requires that argument, which allows the callback framework to avoid computing values that are not used by any registered callback.'",Trigger: callback hook implementations.
SCIKIT-LEARN-C227,https://scikit-learn.org/dev/developers/developing_callbacks.html | The callback protocol,"These arguments must be defined as **keyword only**. If the kwargs are not keyword
      only, the values will not be provided to the hooks.",Define a hook's optional arguments as keyword-only.,must,code,Language and framework style,Given in a warning admonition with the failure mode attached: the values are silently not provided.,Trigger: callback hook implementations. Readable from the signature.
SCIKIT-LEARN-C228,https://scikit-learn.org/dev/developers/developing_callbacks.html | The callback protocol,"Thus the
  implementation of the hooks should not expect to always receive a value for each of
  them and adapt their behavior accordingly.",Handle a hook argument being absent rather than assuming it is always provided.,must,code,Language and framework style,"'Even if requested, the optional arguments might or might not be provided by the estimator, depending on its ability to produce them at this task.'",Trigger: callback hook implementations.
SCIKIT-LEARN-C229,https://scikit-learn.org/dev/developers/developing_callbacks.html | The callback protocol,"Callbacks should not rely on it to :term:`predict`, :term:`transform`, etc ... but
    rather use the `fitted_estimator` when available.",Do not call predict or transform on the estimator a hook receives; use fitted_estimator.,prohibited,code,Language and framework style,'The estimator instance received by the hooks ... is in the same state as it was when calling the hook during `fit`. Therefore it is not expected to be fully fitted (except for the teardown hook).',Trigger: callback hook implementations.
SCIKIT-LEARN-C230,https://scikit-learn.org/dev/developers/developing_callbacks.html | Auto-propagated callbacks,":term:`Auto-propagated <auto-propagated>` callbacks, i.e. callbacks that are expected to
be propagated from meta-estimators to their sub-estimators, must implement the
:class:`~AutoPropagatedCallback` protocol, an extension of the :class:`~FitCallback`
protocol:",Implement the AutoPropagatedCallback protocol on a callback meant to propagate to sub-estimators.,must,code,Language and framework style,"The extension is one member, `max_propagation_depth`, whose semantics for 0 and None are given in the next paragraph.",Trigger: callbacks intended to propagate into meta-estimators.
SCIKIT-LEARN-C231,https://scikit-learn.org/dev/developers/developing_callbacks.html | Callback shared state,"Therefore, `setup` / `teardown` should
not reset the state of the callback, and `on_fit_task_begin` / `on_fit_task_end` should
accumulate data across all fits.",Do not reset callback state in setup or teardown; accumulate across fits.,must,code,Language and framework style,"'Indeed resetting state in `setup` / `teardown` would drop information collected from previous or concurrent fits', because the estimator may be cloned and fitted many times inside a meta-estimator.",Trigger: callback implementations holding state.
SCIKIT-LEARN-C232,https://scikit-learn.org/dev/developers/global_configuration.html | Testing and CI > `SKLEARN_SEED`,"Note that scikit-learn tests are expected to run deterministically with
explicit seeding of their own independent RNG instances instead of relying on
the numpy or Python standard library RNG singletons to make sure that test
results are independent of the test execution order.",Seed each test's own RNG instance instead of relying on the global RNG singletons.,must,test,Tests and test style,'However some tests might forget to use explicit seeding and this variable is a way to control the initial state of the aforementioned singletons.',Trigger: tests using randomness. The develop.html random-number rules state the same for library code.
SCIKIT-LEARN-C233,https://scikit-learn.org/dev/developers/global_configuration.html | Testing and CI > `SKLEARN_TESTS_GLOBAL_RANDOM_SEED`,"All tests that use this fixture accept the contract that they should
deterministically pass for any seed value from 0 to 99 included.",Make a test using the global_random_seed fixture pass for every seed from 0 to 99.,must,test,Tests and test style,"'The range of admissible seed values is limited to [0, 99] because it is often not possible to write a test that can work for any possible seed and we want to avoid having tests that randomly fail on the CI.'","Trigger: tests using the global_random_seed fixture. An exact, closed seed range."
SCIKIT-LEARN-C234,https://scikit-learn.org/dev/developers/global_configuration.html | Testing and CI > `SKLEARN_TESTS_GLOBAL_RANDOM_SEED`,"When writing a new test function that uses this fixture, please use the
following command to make sure that it passes deterministically for all
admissible seeds on your local machine:

.. prompt:: bash $

    SKLEARN_TESTS_GLOBAL_RANDOM_SEED=""all"" pytest -v -k test_your_test_name","Run a new global_random_seed test with SKLEARN_TESTS_GLOBAL_RANDOM_SEED=""all"" before submitting.",must,test,Tests and test style,"'This can take a long time: only use for individual tests, not the full test suite!'",Trigger: newly written tests using the fixture. An exact invocation.
SCIKIT-LEARN-C235,https://scikit-learn.org/dev/developers/global_configuration.html | Testing and CI > `SKLEARN_TESTS_GLOBAL_RANDOM_SEED`,"Similarly, this variable should not be set in
the CI config of pull-requests to make sure that our friendly contributors are
not the first people to encounter a seed-sensitivity regression in a test
unrelated to the changes of their own PR.",Do not set SKLEARN_TESTS_GLOBAL_RANDOM_SEED in the pull-request CI configuration.,prohibited,CI,Specialized changes,'Only the scikit-learn maintainers who watch the results of the nightly builds are expected to be annoyed by this.',"Governs the CI configuration files, and only where a PR touches them."
SCIKIT-LEARN-C236,https://scikit-learn.org/dev/developers/utilities.html | Validation Tools,"These are tools used to check and validate input.  When you write a function
which accepts arrays, matrices, or sparse matrices as arguments, the following
should be used when applicable.",Use the sklearn.utils validation tools in functions accepting arrays or sparse matrices.,must,code,Language and framework style,"Followed by the catalogue of helpers (assert_all_finite, as_float_array, check_array, check_X_y, indexable, check_memory). develop.html states the same instruction as 'When applicable, use the validation tools and scripts in the sklearn.utils module.'",'When applicable' leaves the trigger to the author's reading of the function.
SCIKIT-LEARN-C237,https://scikit-learn.org/dev/developers/utilities.html | Validation Tools,"If your code relies on a random number generator, it should never use
functions like ``numpy.random.random`` or ``numpy.random.normal``.  This
approach can lead to repeatability issues in unit tests.",Never call numpy.random.random or numpy.random.normal in library code.,prohibited,code,Language and framework style,develop.html states the same prohibition in its Random Numbers section as 'do not use ``numpy.random.random()`` or similar routines'; this page phrases it as 'should never'.,"Same prohibition as the develop.html random-number rule, on a second page."
SCIKIT-LEARN-C238,https://scikit-learn.org/dev/developers/utilities.html | Validation Tools,"Instead, a
``numpy.random.RandomState`` object should be used, which is built from
a ``random_state`` argument passed to the class or function.",Build a RandomState from a random_state argument passed to the class or function.,must,code,Language and framework style,"'The function :func:`check_random_state`, below, can then be used to create a random number generator object.' develop.html states the same construction rule.",Same construction rule as develop.html's Random Numbers section.
SCIKIT-LEARN-C239,"https://scikit-learn.org/dev/developers/performance.html | Python, Cython or C/C++?","When implementing a new algorithm is thus recommended to **start
implementing it in Python using Numpy and Scipy** by taking care of avoiding
looping code using the vectorized idioms of those libraries.",Implement a new algorithm in NumPy and SciPy before reaching for a compiled language.,maybe,code,Code and quality,"'In general, the scikit-learn project emphasizes the **readability** of the source code'. The numbered strategy that follows is only reached 'Sometimes however an algorithm cannot be expressed efficiently in simple vectorized Numpy code'.",Trigger: new algorithm implementations.
SCIKIT-LEARN-C240,"https://scikit-learn.org/dev/developers/performance.html | Python, Cython or C/C++?","In practice
this means trying to **replace any nested for loops by calls to equivalent
Numpy array methods**.",Replace nested Python for loops with vectorized NumPy calls.,maybe,code,Code and quality,'The goal is to avoid the CPU wasting time in the Python interpreter rather than crunching numbers to fit your statistical model.',Trigger: numerical code. 'Trying to' hedges an otherwise exact instruction.
SCIKIT-LEARN-C241,"https://scikit-learn.org/dev/developers/performance.html | Python, Cython or C/C++?","**Profile** the Python implementation to find the main bottleneck and
   isolate it in a **dedicated module level function**. This function
   will be reimplemented as a compiled extension module.",Isolate the profiled bottleneck in a dedicated module-level function before compiling it.,must,code,Code and quality,Step 1 of the four-step strategy for code that cannot be vectorized; steps 2 and 3 choose between wrapping an existing C/C++ library and writing Cython.,Trigger: contributions adding a compiled extension.
SCIKIT-LEARN-C242,"https://scikit-learn.org/dev/developers/performance.html | Python, Cython or C/C++?","If there exists a well maintained BSD or MIT **C/C++** implementation
   of the same algorithm that is not too big, you can write a
   **Cython wrapper** for it and include a copy of the source code
   of the library in the scikit-learn source tree",Wrap an existing permissively licensed C/C++ implementation rather than rewriting it.,maybe,code,Specialized changes,"'this strategy is used for the classes :class:`svm.LinearSVC`, :class:`svm.SVC` and :class:`linear_model.LogisticRegression` (wrappers for liblinear and libsvm)'. The licence condition is exact; 'not too big' is not.",Trigger: contributions adding a compiled implementation.
SCIKIT-LEARN-C243,"https://scikit-learn.org/dev/developers/performance.html | Python, Cython or C/C++?","**Move the Python version of the function in the tests** and use
   it to check that the results of the compiled extension are consistent
   with the gold standard, easy to debug Python version.",Keep the Python version of a compiled function in the tests as the reference implementation.,must,test,Tests and test style,Step 4 of the strategy: the Python version becomes the gold standard the compiled extension is asserted against.,Trigger: contributions replacing a Python function with a compiled extension.
SCIKIT-LEARN-C244,"https://scikit-learn.org/dev/developers/performance.html | Python, Cython or C/C++?","Once the code is optimized (not simple bottleneck spottable by
   profiling), check whether it is possible to have **coarse grained
   parallelism** that is amenable to **multi-processing** by using the
   ``joblib.Parallel`` class.",Consider coarse-grained joblib.Parallel parallelism once the hot path is optimized.,maybe,code,Code and quality,"Step 5, conditioned on there being no simple bottleneck left; the class to use is named exactly.",Trigger: optimized numerical code.
SCIKIT-LEARN-C245,https://scikit-learn.org/dev/developers/tips.html | Useful pytest aliases and flags,"Since our continuous integration tests will error if
``FutureWarning`` isn't properly caught,
it is also recommended to run ``pytest`` along with the
``-Werror::FutureWarning`` flag.",Run the tests with -Werror::FutureWarning so uncaught FutureWarnings fail locally.,maybe,test,Tests and test style,The consequence is stated in the same sentence: CI errors on an uncaught FutureWarning. The deprecation sections require the warning to be caught in every unrelated test.,"An exact pytest flag offered as a recommendation, backed by a CI failure."
SCIKIT-LEARN-C246,https://github.com/scikit-learn/scikit-learn/blob/main/.github/PULL_REQUEST_TEMPLATE.md | Header comment,"👀 Please ensure you have taken a look at the contribution guidelines:
https://github.com/scikit-learn/scikit-learn/blob/main/CONTRIBUTING.md",Read the contribution guidelines before opening a PR.,maybe,PR,PR and release metadata,"First line of the template's opening HTML comment, which the rendered GitHub view hides; the following line points at the pull request checklist.","Extracted from the raw template source, not the rendered view."
SCIKIT-LEARN-C247,https://github.com/scikit-learn/scikit-learn/blob/main/.github/PULL_REQUEST_TEMPLATE.md | Header comment,"✅ In particular following the pull request checklist will increase the likelihood
of having maintainers review your PR:
https://scikit-learn.org/dev/developers/contributing.html#pull-request-checklist",Work through the pull request checklist before requesting review.,maybe,PR,PR and release metadata,Second clause of the same hidden comment; the checklist itself is on contributing.html and is extracted there item by item.,Pointer to the checklist whose items are already extracted individually.
SCIKIT-LEARN-C248,https://github.com/scikit-learn/scikit-learn/blob/main/.github/PULL_REQUEST_TEMPLATE.md | Header comment,"📋 If your PR is likely to affect users, you will need to add a changelog entry
describing your PR changes, see:
https://github.com/scikit-learn/scikit-learn/blob/main/doc/whats_new/upcoming_changes/README.md",Add a changelog entry when the PR is likely to affect users.,must,"docs,PR",PR and release metadata,Third clause of the hidden header comment; contributing.html states the same obligation in its After-opening-a-PR checklist.,"Same obligation as the contributing.html changelog item, restated in the template."
SCIKIT-LEARN-C249,https://github.com/scikit-learn/scikit-learn/blob/main/.github/PULL_REQUEST_TEMPLATE.md | Reference Issues/PRs,"Example: Fixes #1234. See also #3456.
Please use keywords (e.g., Fixes) to create link to the issues or pull requests
you resolved, so that they will automatically be closed when your pull request
is merged.",Fill the Reference Issues/PRs section with closing keywords for the issues resolved.,must,PR,PR and release metadata,Hidden comment under the '#### Reference Issues/PRs' heading; contributing.html states the same rule with the Towards #1234 complement.,Governs a named section of the PR body.
SCIKIT-LEARN-C250,https://github.com/scikit-learn/scikit-learn/blob/main/.github/PULL_REQUEST_TEMPLATE.md | What does this implement/fix? Explain your changes.,#### What does this implement/fix? Explain your changes.,Explain what the PR implements or fixes in its own template section.,must,PR,PR and release metadata,A required heading of the template with no hidden comment attached; the reviewer saved replies ask for the same explanation when it is missing.,A section of the PR body.
SCIKIT-LEARN-C251,https://github.com/scikit-learn/scikit-learn/blob/main/.github/PULL_REQUEST_TEMPLATE.md | Introduce yourself,"Especially if you are new to the scikit-learn community, please introduce yourself.
How do you use scikit-learn, what prompted you to make this contribution?
Getting to know you helps us build trust in your judgement and welcome you into the
community.",Introduce yourself in the PR description if you are new to the community.,maybe,PR,PR and release metadata,Hidden comment under the '#### Introduce yourself' heading; the same field appears in all three issue templates.,Turns on whether the author is new to the project.
SCIKIT-LEARN-C252,https://github.com/scikit-learn/scikit-learn/blob/main/.github/PULL_REQUEST_TEMPLATE.md | AI usage disclosure,"Edit the list below to show when/how you used AI tools to create this PR.
Keep the ones that apply, delete the rest.",Edit the AI usage list to keep only the categories of AI assistance you used.,must,PR,AI-assisted contribution policy,"The list is prefilled with 'I used AI assistance for:' and four items - Code generation, Test/benchmark generation, Documentation (including examples), Research and understanding - and the comment adds 'Make sure that you adhere to our Automated Contributions Policy'.","A specific disclosure format: the itemised categories, not just a statement that AI was used."
SCIKIT-LEARN-C253,https://github.com/scikit-learn/scikit-learn/blob/main/.github/PULL_REQUEST_TEMPLATE.md | AI usage disclosure,"Make sure that you adhere to our Automated Contributions Policy:
https://scikit-learn.org/dev/developers/contributing.html#automated-contributions-policy",Adhere to the Automated Contributions Policy.,must,PR,AI-assisted contribution policy,Closing line of the AI usage disclosure comment; the policy itself is extracted clause by clause from contributing.html.,Pointer to a policy already extracted atomically.
SCIKIT-LEARN-C254,https://github.com/scikit-learn/scikit-learn/blob/main/AGENTS.md | REQUIRED: AI/Agent Disclosure,"**Every summary, pull request description, or work description MUST include this disclosure:**","Include the AI/agent disclosure in every summary, PR description and work description.",must,PR,AI-assisted contribution policy,"'This is a **mandatory requirement**, not optional.' contributing.html states the weaker general form: 'If you used AI tools, you need to state so in your PR description.'","The repo's agent-directed instruction file; extracted as a rule, not followed as an instruction."
SCIKIT-LEARN-C255,https://github.com/scikit-learn/scikit-learn/blob/main/AGENTS.md | REQUIRED: AI/Agent Disclosure,"> This pull request includes code written with the assistance of AI.
> The code has **not yet been reviewed** by a human.",Use the exact disclosure wording naming AI assistance and the absence of human review.,must,PR,AI-assisted contribution policy,Introduced by 'If human review has *not yet* occurred (use this initially):' - the file supplies the sentence verbatim as a block quote.,"An exact string, not a paraphrase; the initial-state variant is the one supplied."
SCIKIT-LEARN-C256,https://github.com/scikit-learn/scikit-learn/blob/main/AGENTS.md | REQUIRED: AI/Agent Disclosure,"This is a **mandatory requirement**, not optional. Include it at the end of every summary you generate.",Put the disclosure at the end of the generated summary.,must,PR,AI-assisted contribution policy,Closes the disclosure section; fixes the position of the string the section supplies.,A position requirement on top of the disclosure requirement.
SCIKIT-LEARN-C257,https://github.com/scikit-learn/scikit-learn/blob/main/AGENTS.md | Working on an issue,"Before working on any issue, run `gh issue view <number>` to check current labels.",Check the issue's current labels with gh issue view before starting work.,must,workflow,PR and release metadata,'Such PRs get closed without review until a maintainer clears the label.' The instruction exists to make the Needs-Triage prohibition checkable before work starts.,Requires network access to the GitHub API.
SCIKIT-LEARN-C258,https://github.com/scikit-learn/scikit-learn/blob/main/AGENTS.md | Working on an issue,"Do
not open a PR against an issue labeled ""Needs Triage"" or another ""Needs ..."" label.","Do not open a PR against an issue labeled ""Needs Triage"" or another ""Needs ..."" label.",prohibited,PR,PR and release metadata,"Links to contributing.html#issues-tagged-needs-triage, which states the same prohibition and adds the consensus condition; CODE_OF_CONDUCT.md lists it as an example of poor etiquette.","Third statement of the same prohibition, this one addressed to agents."
SCIKIT-LEARN-C259,https://github.com/scikit-learn/scikit-learn/blob/main/AGENTS.md | Generated Summaries,"Describe the ""why"" of the changes, why the proposed solution is the right one.",Explain why the change is the right solution in the generated summary.,must,PR,AI-assisted contribution policy,"First of three points introduced by 'When generating a summary of your work, consider these points'. develop.html gives the same instruction for inline comments: 'explain the ""why"" rather than the ""what""'.","Governs the text of a summary, with no stated pass condition."
SCIKIT-LEARN-C260,https://github.com/scikit-learn/scikit-learn/blob/main/AGENTS.md | Generated Summaries,Highlight areas of the proposed changes that require careful review.,Point reviewers at the parts of the change that need careful review.,must,PR,AI-assisted contribution policy,"Second of the three summary points, introduced by 'consider these points'.",Which areas need careful review is a judgment about the change.
SCIKIT-LEARN-C261,https://github.com/scikit-learn/scikit-learn/blob/main/AGENTS.md | Generated Summaries,"Reduce the verbosity of your comments, more text and detail is not always better. Avoid flattery, avoid stating the obvious, avoid filler phrases, prefer technical clarity over marketing tone.","Keep generated summaries terse and free of flattery, filler and marketing tone.",must,PR,AI-assisted contribution policy,"Third of the three summary points. No word list or length is given, unlike the style guides in other projects that enumerate the words to avoid.","Four named qualities to avoid, none of them enumerable."
SCIKIT-LEARN-C262,https://github.com/scikit-learn/scikit-learn/blob/main/CODE_OF_CONDUCT.md | Low Quality and AI Generated Contributions Policy,"Due to the burden put on maintainers, users submitting multiple low quality pull
requests, or AI generated comments, reviews, issues, or pull requests, where the
user does not show a good understanding of what they are posting, might be banned
from the organisation.",Do not submit low quality or AI-generated contributions you do not understand.,prohibited,PR,AI-assisted contribution policy,"The stated consequence is a ban from the organisation; five examples of poor etiquette follow. contributing.html states the same requirement as 'Do not submit any AI-generated code that you haven't personally reviewed, understood and tested'.",'Good understanding' is the operative test and is nowhere defined.
SCIKIT-LEARN-C263,https://github.com/scikit-learn/scikit-learn/blob/main/CODE_OF_CONDUCT.md | Low Quality and AI Generated Contributions Policy,"Opening a PR for issues which are not yet triaged and the ""triage"" label is not
  removed;",Do not open a PR for an untriaged issue.,prohibited,PR,PR and release metadata,First of the five examples of poor etiquette that can lead to a ban; contributing.html and AGENTS.md state the same prohibition.,"Fourth statement of the Needs-Triage prohibition, this one with a ban attached."
SCIKIT-LEARN-C264,https://github.com/scikit-learn/scikit-learn/blob/main/CODE_OF_CONDUCT.md | Low Quality and AI Generated Contributions Policy,Claiming to work on many issues at the same time;,Do not claim to be working on many issues at once.,prohibited,workflow,PR and release metadata,Second example of poor etiquette; contributing.html's stalled-issue etiquette gives the waiting periods that make a claim meaningful.,"A claim made in issue comments, across many issues."
SCIKIT-LEARN-C265,https://github.com/scikit-learn/scikit-learn/blob/main/CODE_OF_CONDUCT.md | Low Quality and AI Generated Contributions Policy,"Claiming issues or opening pull requests where another person has already
  claimed it or where there's already a PR fixing the issue;",Do not open a PR for an issue someone else has claimed or already has a PR for.,prohibited,PR,PR and release metadata,Third example of poor etiquette; the pull request checklist states the same as 'that already have cross-referenced and active PRs'.,Turns on other people's claims and open PRs.
SCIKIT-LEARN-C266,https://github.com/scikit-learn/scikit-learn/blob/main/CODE_OF_CONDUCT.md | Low Quality and AI Generated Contributions Policy,Opening AI generated pull requests w/o understanding them;,Do not open an AI-generated pull request you do not understand.,prohibited,PR,AI-assisted contribution policy,Fourth example of poor etiquette; the same prohibition is the second paragraph of the Automated Contributions Policy.,The bullet restates the section's own umbrella prohibition.
SCIKIT-LEARN-C267,https://github.com/scikit-learn/scikit-learn/blob/main/CODE_OF_CONDUCT.md | Low Quality and AI Generated Contributions Policy,Leaving AI generated comments on issues and pull requests.,Do not leave AI-generated comments on issues or pull requests.,prohibited,PR,AI-assisted contribution policy,"Fifth example of poor etiquette; contributing.html states the same as 'Please do not paste AI generated text in the description of issues, PRs or in comments'.","Governs review threads, which no artifact of a patch records."
SCIKIT-LEARN-C268,https://github.com/scikit-learn/scikit-learn/blob/main/doc/whats_new/upcoming_changes/README.md | Changelog instructions,"Each file should be named like `<PULL REQUEST>.<TYPE>.rst`, where
`<PULL REQUEST>` is a pull request number, and `<TYPE>` is one of:",Name the changelog fragment <PULL REQUEST>.<TYPE>.rst.,must,docs,PR and release metadata,"'This directory (`doc/whats_new/upcoming_changes`) contains ""news fragments"", which are short files that contain a small **ReST**-formatted text that will be added to the next release changelog.' towncrier consumes the name.",An exact filename pattern; the number component is the PR's own number.
SCIKIT-LEARN-C269,https://github.com/scikit-learn/scikit-learn/blob/main/doc/whats_new/upcoming_changes/README.md | Changelog instructions,"* `major-feature`
* `feature`
* `efficiency`
* `enhancement`
* `fix`
* `api`
* `other` (see [](#custom-top-level-folder))",Use one of the seven documented fragment types in the changelog filename.,must,docs,PR and release metadata,"changelog_legend.inc defines what each type means (|MajorFeature| 'something big that you couldn't do before', |Fix| 'something that previously didn't work as documented', |API| 'you will need to change your code'), which makes the choice decidable.",A closed list of seven tokens.
SCIKIT-LEARN-C270,https://github.com/scikit-learn/scikit-learn/blob/main/doc/whats_new/upcoming_changes/README.md | Changelog instructions,"This file needs to be added to the right folder like `sklearn.linear_model` or
`sklearn.tree` depending on which part of scikit-learn your PR changes.",Put the fragment in the folder matching the module the PR changes.,must,docs,PR and release metadata,"'There are also a few folders for some topics like `array-api`, `metadata-routing` or `security`.' The folders exist in the tree, each with a .gitkeep.",The correct folder is determined by the files the diff touches.
SCIKIT-LEARN-C271,https://github.com/scikit-learn/scikit-learn/blob/main/doc/whats_new/upcoming_changes/README.md | Changelog instructions,"In almost all cases, your fragment should be formatted as a **single** bullet point.
Note the aggregation software cannot handle more than one bullet point per entry.",Write the changelog fragment as a single bullet point.,must,docs,PR and release metadata,The hedge 'In almost all cases' is immediately withdrawn by the stated consequence: the aggregation software cannot handle more than one bullet point per entry.,A hedge and a hard tooling constraint in consecutive sentences.
SCIKIT-LEARN-C272,https://github.com/scikit-learn/scikit-learn/blob/main/doc/whats_new/upcoming_changes/README.md | Changelog instructions,"For example, `28268.feature.rst` would be added to the `sklearn.ensemble`
folder with the following content::",Follow the worked fragment example for the entry's wording and attribution.,maybe,docs,PR and release metadata,"The worked entry names the changed classes with :class: roles, describes the behaviour change, and ends 'By :user:`Adam Li <adam2392>`.'",An example rather than a stated rule; the attribution line is only visible in it.
SCIKIT-LEARN-C273,https://github.com/scikit-learn/scikit-learn/blob/main/doc/whats_new/upcoming_changes/README.md | custom-top-level folder,"The `custom-top-level` folder is for changes for which there is no good
folder and are somewhat one-off topics. Type `other` is mostly meant to be used
in the `custom-top-level` section.","Use the custom-top-level folder, with type other, only for changes no module folder fits.",maybe,docs,PR and release metadata,'mostly meant to be used' - and 'somewhat one-off topics' leaves the boundary with the module folders open.,Trigger: changes with no natural module folder.
SCIKIT-LEARN-C274,https://github.com/scikit-learn/scikit-learn/blob/main/doc/whats_new/upcoming_changes/README.md | Changelog instructions,"If you are unsure how to name the news fragment or which folder to use, don't
hesitate to ask in your pull request!",Ask in the pull request when unsure how to name or place the fragment.,maybe,PR,PR and release metadata,"Closes the naming and placement instructions; the alternative offered is the towncrier CLI, 'You can install towncrier and run `towncrier create` to help you create a news fragment.'",An invitation to comment on the PR.
